promotion_code,user_name
B1BW93CA5,A100280
B13RB28E5,A100280
B1E2DPY15,A100280
B15BC9PV5,A100280
B1UWZFR95,A100280
B1B92FS75,A100752
B1WKD4NL5,A100752
B1H48YXJ5,A100752
B1DSY3XM5,A100752
B1HZ4R115,A100752
B1BL8KEX5,A101969
B1KEK4QA5,A101969
B1BMHMRN5,A101969
B1UD7TYT5,A101969
B1R5VMFQ5,A101969
B13CRD2Z5,A101987
B12QT4WQ5,A101987
B1WCXBAS5,A101987
B1GUFYLV5,A101987
B1F322HV5,A101987
B148VAZT5,A10263
B1HSSEBU5,A10263
B15KTAR35,A10263
B1NPSU1G5,A10263
B1L8LFHR5,A10263
B1ED8DY25,A10282
B1ADEYJ45,A10282
B1YHZHA45,A10282
B1S4WQRH5,A10282
B1NTNSGA5,A10282
B1J474QE5,A10283
B1PCWMDD5,A10283
B12HRZMM5,A10283
B18UAJXL5,A10283
B1KJKESA5,A10283
B1K27XXK5,A10286
B119MGEA5,A10286
B19XYJ8N5,A10286
B1E4J3AX5,A10286
B1Q1VVB85,A10286
B1JRFSQ75,A102916
B1X9YCD75,A102916
B14SMU4L5,A102916
B1S5WTPA5,A102916
B145EFGC5,A102916
B1V3NYJE5,A10301
B1R72RT15,A10301
B14L49Z15,A10301
B1GYPVU75,A10301
B1XYS4HT5,A10301
B1E7JAMT5,A10316
B1PFU9AL5,A10316
B1L4FJ3H5,A10316
B1F21BPF5,A10316
B1ZJQP345,A10316
B1PYKYAB5,A103379
B1VDQ5BD5,A103379
B1QTLERC5,A103379
B155HXMY5,A103379
B1EGFD1K5,A103379
B1MZV4XH5,A103844
B1V7YZ5M5,A103844
B1EGYLBP5,A103844
B1JHLM7E5,A103844
B1BTLGV55,A103844
B1UYWXGH5,A104145
B1ZEY9CE5,A104145
B1MU9FBN5,A104145
B1KFM7575,A104145
B1Y92KXE5,A104145
B1U5371R5,A10422
B1ZFE7RA5,A10422
B1PHS1GQ5,A10422
B1N27QAU5,A10422
B1XNGE2N5,A10422
B1UCSM7T5,A105139
B1FTUNS25,A105139
B1M2X24T5,A105139
B1XUDVRM5,A105139
B13HTWQE5,A105139
B14GYU145,A105141
B1REQGLY5,A105141
B1XUTGYP5,A105141
B13XHJ885,A105141
B1R4YFUN5,A105141
B1CXUFQL5,A105176
B1KN32A15,A105176
B15VV1975,A105176
B1WBKPVG5,A105176
B1PM3SC75,A105176
B1HKKK3N5,A10591
B1D7CSD15,A10591
B1GJUZLQ5,A10591
B1RTGTKW5,A10591
B1RSZA3U5,A10591
B1CEUQ3X5,A106513
B17FES3M5,A106513
B1RRC8AZ5,A106513
B1AGF54P5,A106513
B1LNNS5W5,A106513
B1SVN1RU5,A106581
B1DK74RA5,A106581
B1YK4JP75,A106581
B1CTHNDY5,A106581
B11MZ3HT5,A106581
B1MHDADM5,A107534
B1N28LXX5,A107534
B193LFCS5,A107534
B1ARAYNF5,A107534
B1ZHLNBU5,A107534
B19N3KRA5,A108130
B17G4WDJ5,A108130
B1J757L85,A108130
B17SJX7T5,A108130
B1B125GX5,A108130
B1VTYF775,A109225
B1QSLGHV5,A109225
B1KQNT4M5,A109225
B1PQSATV5,A109225
B13Q9WNS5,A109225
B1MH57L25,A109559
B1XVPFQR5,A109559
B1FFC5SR5,A109559
B1YQTHG55,A109559
B1T2KUWV5,A109559
B1H48TRW5,A109605
B1QFHHRJ5,A109605
B1ZTYV8K5,A109605
B1JC2V925,A109605
B1NBVHXG5,A109605
B18WNSAU5,A10992
B12LRSC55,A10992
B18MJHVR5,A10992
B1YNGRG25,A10992
B1RDA33Y5,A10992
B1LCBFAD5,A11043
B1J2H7KD5,A11043
B187GUC15,A11043
B1B8JFJS5,A11043
B1ZWRXJS5,A11043
B1QSPT175,A11127
B17M8LQF5,A11127
B1K7UP325,A11127
B151LTHJ5,A11127
B1YQF1NA5,A11127
B1SKTTTY5,A111469
B1U99GX35,A111469
B1U1HCYK5,A111469
B1YXSLJR5,A111469
B1PLQH4P5,A111469
B1XR45JS5,A11166
B1589E575,A11166
B1L7YRP25,A11166
B1VR4WKR5,A11166
B1G41MET5,A11166
B1RXDAVT5,A112278
B1BKDJHC5,A112278
B1XLWHM75,A112278
B1RQBRWC5,A112278
B1AUUXSY5,A112278
B1ALM5WC5,A112334
B1W1D7HW5,A112334
B1YBDBZA5,A112334
B19UYWYC5,A112334
B1GGZUTL5,A112334
B1MXWSJ45,A112638
B1UF8WPH5,A112638
B1GUQBC95,A112638
B1431STP5,A112638
B1DVTFWS5,A112638
B15PLVUV5,A11282
B123YPJY5,A11282
B1YGE3445,A11282
B1KZZ3WM5,A11282
B1FHMMW15,A11282
B1SZZHBV5,A11284
B1ZGSMKD5,A11284
B1SMXD2L5,A11284
B12MSR715,A11284
B1CCQF3Z5,A11284
B1BXZBAC5,A112924
B1LHPBGM5,A112924
B1LTBG2C5,A112924
B1FWFZHA5,A112924
B1Q3FSEZ5,A112924
B18QH4MH5,A113202
B1BU4YQZ5,A113202
B138HYZF5,A113202
B1W3SQM45,A113202
B1ZF5DMY5,A113202
B14DKSZG5,A113277
B124Q5CW5,A113277
B1YK5Z9E5,A113277
B1ZDJ29D5,A113277
B1R98UEF5,A113277
B17KQYNZ5,A113678
B1Q8BLFS5,A113678
B1SK7JUL5,A113678
B1JJYUQE5,A113678
B1E9K8ZJ5,A113678
B1C1DE4G5,A11545
B148A1LN5,A11545
B1DRTA2G5,A11545
B11ZMAVM5,A11545
B1851EXN5,A11545
B1FUG2R45,A116126
B1U4VSRN5,A116126
B1C1TL495,A116126
B1XNP9TD5,A116126
B1EK9QDH5,A116126
B1SH43VY5,A116464
B15DLCQY5,A116464
B19QQ7J15,A116464
B18K9WAQ5,A116464
B1CBKDL45,A116464
B1MTT9N95,A116758
B1QGVJTS5,A116758
B124WB585,A116758
B125QDE35,A116758
B1WCTSUW5,A116758
B1EKX3KM5,A118325
B1FTZ8WW5,A118325
B1SSVGJ55,A118325
B19GG8355,A118325
B1JTQ7C15,A118325
B1FEFZZ95,A11835
B137GZCW5,A11835
B1TF3DEQ5,A11835
B1GHLY2N5,A11835
B1KR8Y4Y5,A11835
B1VEK8J25,A118517
B1KVP2PA5,A118517
B1WEP55G5,A118517
B1TNPXPV5,A118517
B13DMYAB5,A118517
B1ZNCP7N5,A118660
B1WRJXYG5,A118660
B1NFARK85,A118660
B1Z5YVEM5,A118660
B1FHCD715,A118660
B1W5SLZM5,A11974
B1FHCZJZ5,A11974
B1H1AFSA5,A11974
B1XRAJN35,A11974
B1J8DZ3Y5,A11974
B1JHGLW15,A119812
B1PWZ8AX5,A119812
B1BMEE8A5,A119812
B1A32V7E5,A119812
B13E9JY35,A119812
B1UEGDWH5,A119926
B1SE83W55,A119926
B1PCDV5Z5,A119926
B199VPEM5,A119926
B1AXFBPS5,A119926
B1KYHQPB5,A120049
B1SWX8CM5,A120049
B1KVY9S75,A120049
B12NM4EP5,A120049
B1KR2XJQ5,A120049
B1F3K3HC5,A1202
B1F8VNUM5,A1202
B183YMAH5,A1202
B1TN4MMT5,A1202
B1VA3UY95,A1202
B1CP4NJL5,A12062
B1HQGJRZ5,A12062
B1EEPD1Z5,A12062
B1L43HBS5,A12062
B1ZBCSDQ5,A12062
B15DGJZT5,A12144
B1E7LZUX5,A12144
B1BGM1SP5,A12144
B1S2CLFG5,A12144
B1QKK41F5,A12144
B1QD7HQU5,A122226
B18UV5KV5,A122226
B1W874GJ5,A122226
B14EN7NB5,A122226
B1NDPPN55,A122226
B1UKMCFG5,A122341
B1H5HHPP5,A122341
B134RUQX5,A122341
B12T9NKQ5,A122341
B1VMVGCP5,A122341
B123QAF75,A122365
B1X85PHM5,A122365
B15E5Q3J5,A122365
B1YPW1HX5,A122365
B1M1UUE75,A122365
B1GYTQ1J5,A122981
B1DA58NG5,A122981
B1JNWAS35,A122981
B13F7KYB5,A122981
B1HF2GQM5,A122981
B1UJKE5D5,A123399
B1YBKULX5,A123399
B1CCUHZZ5,A123399
B1FP8SLZ5,A123399
B12R8SYX5,A123399
B1NYG3NL5,A12379
B1NQQJBN5,A12379
B1ZUWS7P5,A12379
B1JJVY2U5,A12379
B1YKUPBN5,A12379
B1HFJ29J5,A123850
B19N75SD5,A123850
B1CJKD7G5,A123850
B1KJX9QB5,A123850
B1ZQNAKQ5,A123850
B112X4FZ5,A124148
B1GCCFFS5,A124148
B15WLEVR5,A124148
B1TCFRPD5,A124148
B1CDAPPG5,A124148
B1D97VPZ5,A12508
B1U493VV5,A12508
B1TENDHU5,A12508
B1UBTMKJ5,A12508
B125KV295,A12508
B181FPLP5,A125116
B1V4Q5UV5,A125116
B1AGUTR55,A125116
B1TUA4QZ5,A125116
B1Y4SZ2F5,A125116
B13T2K8Z5,A12552
B1LBRQ4N5,A12552
B1PST3AR5,A12552
B19WH8SC5,A12552
B1VN7MAY5,A12552
B1B9C1R95,A12565
B1Z7Q9EV5,A12565
B1M8PRUL5,A12565
B158RG235,A12565
B1J9A8L35,A12565
B1PXKZEG5,A12569
B113C9GG5,A12569
B1UQ7MMM5,A12569
B1A593DB5,A12569
B1YQV2AM5,A12569
B1CP8VY45,A126316
B1TQ1TT75,A126316
B1BC5G1Q5,A126316
B1ACK8VH5,A126316
B1HQDHFB5,A126316
B1T7VR4H5,A12716
B1P8WBB45,A12716
B1RKNHXM5,A12716
B1A2UDPA5,A12716
B1CU81BM5,A12716
B1N3TG3N5,A128719
B1DJ5GVY5,A128719
B1UCHSFJ5,A128719
B1N5TKPG5,A128719
B14HFJJE5,A128719
B1U4QB5C5,A128835
B1VTBXLQ5,A128835
B1VCY5KZ5,A128835
B1VBPQVW5,A128835
B18V99A45,A128835
B1NYYUGC5,A128923
B15AM9DT5,A128923
B1Y5UZW25,A128923
B1KM4G2V5,A128923
B17DTSW15,A128923
B1X9FWTT5,A129606
B1BRAY915,A129606
B1ZKP4PC5,A129606
B15VJT575,A129606
B1HAZJ7M5,A129606
B19RE2ME5,A12991
B1Q9P37Y5,A12991
B1Q38VQL5,A12991
B1QN3E3E5,A12991
B19Q8CCH5,A12991
B1Y8D78Z5,A131389
B11LB3NP5,A131389
B1BNSNVQ5,A131389
B1PPCBKD5,A131389
B12UMHB95,A131389
B1LBYZYF5,A131405
B1NLVUHE5,A131405
B1P397FR5,A131405
B1KGWLUC5,A131405
B15KUKWU5,A131405
B1STTX195,A131507
B1ZNBN595,A131507
B1S1UY7L5,A131507
B1K2WNTS5,A131507
B1KWSZUC5,A131507
B12WA7ZT5,A132383
B1CCB4ZG5,A132383
B11VDXK85,A132383
B11UN7ZP5,A132383
B14YAYPU5,A132383
B1E5L42H5,A132824
B1USRVS25,A132824
B1W8ET2N5,A132824
B193XHRD5,A132824
B1R2XYNF5,A132824
B1DSWW725,A133046
B1H32UPW5,A133046
B1YDPAF85,A133046
B1M5Z2T95,A133046
B18U9ER85,A133046
B1N1AM7A5,A1347
B1RDRXL25,A1347
B1TRC1KV5,A1347
B1PK1JK85,A1347
B14SLK9D5,A1347
B1FKSTLA5,A136143
B1DVHAVN5,A136143
B1SXL1CJ5,A136143
B1TL75UB5,A136143
B11AKNBE5,A136143
B18375EQ5,A136144
B1NZLZ2S5,A136144
B18SQD2P5,A136144
B1TUFUTB5,A136144
B1Q28UVR5,A136144
B1GTLA8S5,A13789
B1HCLP1E5,A13789
B1XHFXNS5,A13789
B1ZHYVQZ5,A13789
B1JAQ81A5,A13789
B172M8DD5,A138612
B1GGM15J5,A138612
B1M7DNN45,A138612
B1DWUJ3F5,A138612
B1EBHK8S5,A138612
B1SSEL3X5,A139086
B1SRYF1Z5,A139086
B18TM5YW5,A139086
B1R8H8AN5,A139086
B1SS5MS85,A139086
B1UM3TN85,A1415
B1UL4LGF5,A1415
B1DCYXTN5,A1415
B1G437YQ5,A1415
B17F4X245,A1415
B1WJWM2K5,A142799
B1ZT1WM25,A142799
B1BWF14S5,A142799
B1JZK5YJ5,A142799
B1QMNRDQ5,A142799
B1WWT4KN5,A143743
B1ESGGZ85,A143743
B1499PXA5,A143743
B1CDTZEH5,A143743
B1MXWT415,A143743
B17T83YC5,A143818
B1KRVU1T5,A143818
B12GVJ5M5,A143818
B1X3PPTR5,A143818
B1U2EX7U5,A143818
B1ETE25U5,A144142
B1NTTYBM5,A144142
B1BNG4TU5,A144142
B12L42135,A144142
B1V8VQSL5,A144142
B1BLRPRY5,A14454
B17PSGGL5,A14454
B13TPCNW5,A14454
B1DB5Z3F5,A14454
B1NXJHPD5,A14454
B149522S5,A144549
B1PUK1DT5,A144549
B1TH5EBT5,A144549
B1MZU4TV5,A144549
B1P1J7TN5,A144549
B1DPD97A5,A14553
B17EWW7J5,A14553
B11RYMHR5,A14553
B1H15CDN5,A14553
B1YLTNA55,A14553
B1K1MEGH5,A146314
B1D7HSSF5,A146314
B1BWDMXX5,A146314
B1DRX5PA5,A146314
B1B9KZNH5,A146314
B1HD9ZYT5,A146521
B1ZZR7JG5,A146521
B14HGXU25,A146521
B1Q227875,A146521
B1CNMRM15,A146521
B1BYRPYU5,A14662
B1ZSWBB55,A14662
B15AGHPR5,A14662
B1N5QUPV5,A14662
B19DCANK5,A14662
B15G8N5T5,A147196
B14NEC2C5,A147196
B1ULEMLX5,A147196
B13B4PR55,A147196
B1Y1ELMX5,A147196
B1GERUF55,A147754
B1CAPHHJ5,A147754
B1P28FZJ5,A147754
B1SVWDUY5,A147754
B1QYY2HH5,A147754
B17M42EV5,A148384
B1DBYXXJ5,A148384
B1Y2S2EG5,A148384
B15AW31P5,A148384
B1US7KFR5,A148384
B1VAF8535,A1487
B1XW4XK25,A1487
B1VSXURW5,A1487
B155ZRF55,A1487
B1DE5RJP5,A1487
B1YNXWLJ5,A149554
B1ZN2YTH5,A149554
B1GZTR4X5,A149554
B1R48W485,A149554
B1GAKFLN5,A149554
B18ZYHUD5,A152306
B1D7SVL45,A152306
B15GXE7G5,A152306
B1RSQ8LV5,A152306
B1SLGN7H5,A152306
B13Y4JYZ5,A153543
B1SB88FA5,A153543
B19PHQT25,A153543
B1DEESQW5,A153543
B1SU7DF45,A153543
B1RA3TG35,A154591
B1UMV5ZV5,A154591
B1WM3BR15,A154591
B1KWB7FD5,A154591
B1HV8NHE5,A154591
B1GAX3MY5,A15484
B171SVAR5,A15484
B1KEMVLT5,A15484
B1VSJSAE5,A15484
B145SB8T5,A15484
B198ZB4R5,A157897
B1XZNLNE5,A157897
B1J1RU2W5,A157897
B1RUXE5Q5,A157897
B1DUMGBT5,A157897
B18EH87B5,A160213
B1CP2GTD5,A160213
B18C8ZLV5,A160213
B1TQ9GS15,A160213
B1AK5XXS5,A160213
B1AMSFX45,A160216
B1RKSQ9W5,A160216
B1GA9KJK5,A160216
B19MPMY95,A160216
B1SB3GUU5,A160216
B1A4QQZ95,A162057
B13YG1QE5,A162057
B17DTM9S5,A162057
B1JNY3RR5,A162057
B1L3ADJB5,A162057
B1MWE1MV5,A162375
B1FJGSX25,A162375
B1UQU9B85,A162375
B1VN54Y45,A162375
B14ZP8BL5,A162375
B1398KF45,A164025
B1MHF91J5,A164025
B1RLFYYL5,A164025
B1GLKLBN5,A164025
B1N5VQNA5,A164025
B1N7C7EL5,A166049
B14RFKJK5,A166049
B1ZUDZK75,A166049
B1YVEHR85,A166049
B1C9PBMU5,A166049
B1DYRC755,A166900
B1QYPU7R5,A166900
B1GXSW2S5,A166900
B1WCRR175,A166900
B1DWY8FZ5,A166900
B1BTN98S5,A16778
B1DRMFXB5,A16778
B1PVEUKE5,A16778
B12Z9K7V5,A16778
B13KUHVZ5,A16778
B1D8R5745,A168709
B14XVUB25,A168709
B1GYXX1M5,A168709
B1XFDY4N5,A168709
B15N1V1W5,A168709
B1Q52TCK5,A1689
B13M7ASN5,A1689
B1SYK94E5,A1689
B1QV5LZV5,A1689
B1MRPAKE5,A1689
B1EJMXKN5,A170380
B1R4R7V55,A170380
B1EABK8P5,A170380
B1TKSX2G5,A170380
B1ZERUEA5,A170380
B1G9YA1P5,A170385
B1LF41MS5,A170385
B1CWTVHD5,A170385
B1NRQZSY5,A170385
B1D884EA5,A170385
B12AVKHZ5,A17042
B13DP3DE5,A17042
B1N4F3PB5,A17042
B11KVP5E5,A17042
B14QARGA5,A17042
B158VPUW5,A175313
B1QE24N95,A175313
B1V93RA15,A175313
B19MZCTM5,A175313
B1JDDF9U5,A175313
B1PRRQDS5,A175990
B1KVJTEE5,A175990
B1P84T3K5,A175990
B18Y97UA5,A175990
B1YBT45S5,A175990
B1LAE3HW5,A1763
B1XGYMXT5,A1763
B1QTCZSN5,A1763
B1DB7Q2W5,A1763
B1V3KCXC5,A1763
B1WYXHAJ5,A183924
B1LHZ4N35,A183924
B1LLWVVP5,A183924
B1WTU9WP5,A183924
B1NWE5FE5,A183924
B1VCF9T85,A18639
B1VSKYQ15,A18639
B1PS2YQX5,A18639
B14BQ1RQ5,A18639
B1UTDKA55,A18639
B1QYG71U5,A187718
B1FB2F485,A187718
B15Y1NUT5,A187718
B1TNPB5L5,A187718
B1JDCJXM5,A187718
B1CEDVN85,A187961
B1FRFAU45,A187961
B195X4HD5,A187961
B1UMM7F75,A187961
B1PU9HJT5,A187961
B1E5BLRZ5,A188401
B1FJ5ZRK5,A188401
B1E28YAY5,A188401
B11VLQ3D5,A188401
B1TGUQ2S5,A188401
B1T54RL55,A18999
B1EZKLKZ5,A18999
B1HPTGZK5,A18999
B1Q9CT3U5,A18999
B1ZA3NC25,A18999
B1R8XWPS5,A190892
B1N9ZDDT5,A190892
B1PH3MEU5,A190892
B1JUBPMK5,A190892
B1W9TEXQ5,A190892
B1ZLAXQU5,A192048
B1HM1BJL5,A192048
B1H8T5ZN5,A192048
B17N12K25,A192048
B1J119BD5,A192048
B1FHSDMY5,A19279
B1ZLN9LN5,A19279
B1154ZHR5,A19279
B1YHJKJD5,A19279
B1QLRVNC5,A19279
B143HX7X5,A193307
B1E8CFWZ5,A193307
B118PRMC5,A193307
B1YRXPF45,A193307
B1WGZP8R5,A193307
B1L3YDP85,A193454
B1D8UK2V5,A193454
B1MXWVGN5,A193454
B1RBDD2R5,A193454
B1DX1TSY5,A193454
B1YTQZ9E5,A194737
B1PVGLC25,A194737
B1JPAEWC5,A194737
B1QS7BZC5,A194737
B1XYUJY75,A194737
B1KCJJWE5,A19474
B1QUYR945,A19474
B15QS8GU5,A19474
B17JLVRM5,A19474
B1LBL9P25,A19474
B185XLHP5,A194961
B1V83YW95,A194961
B1BPKD925,A194961
B1VMRVKA5,A194961
B1M5ENAQ5,A194961
B1XXET8G5,A194995
B155DQ795,A194995
B15FFA9Y5,A194995
B1M4DLPP5,A194995
B13KLRS55,A194995
B15E28FK5,A195173
B1GX7VRH5,A195173
B1FTYEAP5,A195173
B1NPZYGW5,A195173
B1ZXVKYL5,A195173
B12E71BH5,A19535
B1FR9RCV5,A19535
B1TFWNGB5,A19535
B1R7DHWE5,A19535
B1RHEWYY5,A19535
B12G5EM75,A196013
B129NF5V5,A196013
B15WVAJJ5,A196013
B1VGWNSS5,A196013
B1CGDJLV5,A196013
B1QWH1PJ5,A196611
B1WLM2745,A196611
B1BMSFWQ5,A196611
B13RJ7FY5,A196611
B11XRCT15,A196611
B1PY8LMR5,A197033
B17U5DML5,A197033
B1QKCP9J5,A197033
B1JNS3L85,A197033
B12GMZ3D5,A197033
B17KNGGZ5,A197378
B1E3J5UE5,A197378
B1J71GVA5,A197378
B1L22E1V5,A197378
B1R7SKZN5,A197378
B1LUWTYH5,A200074
B1G2H7NN5,A200074
B1QMCFMF5,A200074
B1ZV5L795,A200074
B17D3ZBG5,A200074
B1YWPALC5,A200464
B1HRGSER5,A200464
B1PQR8C55,A200464
B1CDKCLJ5,A200464
B1J1P2JT5,A200464
B1GXD5G35,A20093
B1GCBGPB5,A20093
B1WQY1HT5,A20093
B1GFZBWJ5,A20093
B1PVK3JM5,A20093
B1EDUYPX5,A201570
B1Y3GATG5,A201570
B1ASDZQA5,A201570
B17FNT5B5,A201570
B1CENP725,A201570
B1GJ3VWL5,A2018
B1X814YR5,A2018
B127RSSQ5,A2018
B18MV24U5,A2018
B11W4EB35,A2018
B1M2782S5,A202271
B1PNBC9Y5,A202271
B1YLNQP45,A202271
B19FTE3H5,A202271
B1MJ9Q3C5,A202271
B1XMBBW75,A202738
B1QYRSCM5,A202738
B12PGXMZ5,A202738
B1GQSFKW5,A202738
B1GWP1H55,A202738
B1D4932W5,A203933
B1Q7AB2F5,A203933
B19KLTGP5,A203933
B11D8X175,A203933
B1DKMRT25,A203933
B1NUATMH5,A204250
B1ZBFD9P5,A204250
B1TL4SJE5,A204250
B174PYWV5,A204250
B1RVF3GQ5,A204250
B18Z7RH25,A204706
B1WGWCV45,A204706
B11X5A4X5,A204706
B12QWYYT5,A204706
B1R2HEL95,A204706
B17R7EFQ5,A204734
B1455ARX5,A204734
B1AGR9BT5,A204734
B1B2Y2P15,A204734
B1S4UK125,A204734
B191T13D5,A205643
B18V2KTY5,A205643
B1MN748L5,A205643
B1XMBSX25,A205643
B1BALXGP5,A205643
B13N8RZX5,A206394
B1JQV4GB5,A206394
B1K7DL2K5,A206394
B1VJNRAJ5,A206394
B1J4PKJS5,A206394
B1UTQ8225,A206516
B1M9WPAU5,A206516
B18LCWBF5,A206516
B1LJEUE25,A206516
B1CS8XUY5,A206516
B1WXCMP85,A20701
B1EHPE7T5,A20701
B1PQ5JLD5,A20701
B1PV7CKT5,A20701
B1DAR88M5,A20701
B1N3279R5,A207633
B1DLU1LB5,A207633
B1WFGFE45,A207633
B1KRHJ955,A207633
B12K7ULE5,A207633
B1HVYXSD5,A208214
B1ME4WUW5,A208214
B1RLK1SN5,A208214
B1P3A2UE5,A208214
B1NRLTUM5,A208214
B1V3LBKT5,A208590
B1JEN5CD5,A208590
B1L7TMLA5,A208590
B1ENEAXK5,A208590
B1YMCFWX5,A208590
B1ANVAWW5,A208783
B1TYHSM75,A208783
B12NGHHC5,A208783
B1KKM9255,A208783
B1U2P3EM5,A208783
B1CVJKWF5,A209723
B1PU5R9M5,A209723
B1FT4RT45,A209723
B1K5NX2E5,A209723
B1C51SVP5,A209723
B19JGRN95,A209941
B178PFWV5,A209941
B1W7H5LU5,A209941
B183RF9K5,A209941
B1PSP2CL5,A209941
B1EKKHDU5,A210957
B18DB5375,A210957
B1YNWYPT5,A210957
B1KKW85E5,A210957
B14BLS4T5,A210957
B1XQ4A145,A211552
B1Z5C3KQ5,A211552
B19512NC5,A211552
B1JX7L395,A211552
B1SNEARC5,A211552
B1LAKMAH5,A21169
B1PEEUUD5,A21169
B1LZLG5U5,A21169
B1ZNMFAY5,A21169
B1X523EG5,A21169
B17KTW2F5,A211924
B1V2Q9EU5,A211924
B1G5JNFP5,A211924
B1ZKTYAD5,A211924
B18XUMNE5,A211924
B1R17P9V5,A212027
B1PVEQ875,A212027
B14DEP395,A212027
B1PF28LU5,A212027
B1Z3TQFF5,A212027
B1BNURVP5,A212719
B1DX7VEE5,A212719
B1L1QP1R5,A212719
B1U9EEHA5,A212719
B1KL5SHQ5,A212719
B1HY3U8M5,A213365
B117H5B95,A213365
B1MUL42L5,A213365
B1M1ECEL5,A213365
B1K1CDTU5,A213365
B1BGT38W5,A213415
B12J18CB5,A213415
B1NE5W155,A213415
B189RJUN5,A213415
B1814XJX5,A213415
B15YAK755,A213718
B15B39G85,A213718
B1PWZJJN5,A213718
B1E9JHQW5,A213718
B1FTHD1Z5,A213718
B1ZS5XUV5,A214008
B111QEBT5,A214008
B1ATL1AV5,A214008
B1BEKT2Q5,A214008
B1ZLBYLA5,A214008
B1R3FR7W5,A215049
B1L4EGSA5,A215049
B1M9FKBL5,A215049
B1S81EPA5,A215049
B12UGBCM5,A215049
B1HNC8845,A215383
B13NH2HA5,A215383
B1UMPU4N5,A215383
B149DLDJ5,A215383
B1RSQRN85,A215383
B1CAZ8NB5,A215390
B194PX335,A215390
B14CCV9E5,A215390
B1SSKWPC5,A215390
B1D3UM825,A215390
B11YYDGQ5,A216067
B1B9NEPK5,A216067
B1K8J23E5,A216067
B1RDZ97H5,A216067
B1DBDMAT5,A216067
B1FVT7VG5,A216160
B1EKETVR5,A216160
B1WRM85J5,A216160
B1MW7CP35,A216160
B19XCGJ75,A216160
B19Z4BR85,A216331
B18XQPJZ5,A216331
B1ZU82SM5,A216331
B199MBVZ5,A216331
B12LLQNM5,A216331
B1G8J28P5,A216372
B1DE1LB25,A216372
B1C72VA35,A216372
B17YCRAW5,A216372
B15JJ5DU5,A216372
B1PXBQ875,A217013
B1X7EK585,A217013
B1G5CL8C5,A217013
B1XCJ9TF5,A217013
B1T7GW1N5,A217013
B157GQUW5,A217192
B1HN9EV55,A217192
B1GAJP1G5,A217192
B144CVQF5,A217192
B1GSC7A55,A217192
B1UP853C5,A217848
B1BDX4WX5,A217848
B1TKEQRK5,A217848
B1NDUPBY5,A217848
B1FNJXCA5,A217848
B1LLCJGN5,A217852
B1KPAXU25,A217852
B17WLZDU5,A217852
B1JEQE9A5,A217852
B1K19CC45,A217852
B1FBS3385,A218076
B18J81945,A218076
B1NY75B95,A218076
B11FTAAQ5,A218076
B1SD7BPZ5,A218076
B1JQ4SMB5,A21820
B15RPZ335,A21820
B13J445C5,A21820
B1GZJ8L15,A21820
B18XBKGU5,A21820
B1U1HDR85,A218390
B1HQ3DDW5,A218390
B1C3TUXU5,A218390
B1G4B2TZ5,A218390
B19JVDJA5,A218390
B1NMDX125,A21948
B1YN9PBR5,A21948
B1SWMXAA5,A21948
B12HDA1J5,A21948
B1AJWSVM5,A21948
B1EVNM125,A219517
B1VAERQF5,A219517
B1WX8YRX5,A219517
B1ATP28P5,A219517
B1U4Y4X15,A219517
B15VT1SR5,A22021
B1VQKZ225,A22021
B1USHLQV5,A22021
B12KHC255,A22021
B1SANDE95,A22021
B1U7XXUH5,A221359
B1T9WD7C5,A221359
B1Z5KENE5,A221359
B1HYA5SG5,A221359
B1URFTCR5,A221359
B1K1XG3Z5,A22158
B18MV8145,A22158
B1DSDP3Z5,A22158
B1MS3HQC5,A22158
B173FLWB5,A22158
B1SJS3TP5,A22160
B1H3SH835,A22160
B1JGRC335,A22160
B18NZVCF5,A22160
B19D1PT85,A22160
B1SG1HAN5,A22220
B11RSMZD5,A22220
B1EBHNDX5,A22220
B1YJLXP55,A22220
B199WWTC5,A22220
B1H28BFA5,A222759
B1DFC77Z5,A222759
B1YC21XR5,A222759
B1GHEFMY5,A222759
B11WSV2H5,A222759
B1QLC9A55,A222768
B179DJJR5,A222768
B13U2X5D5,A222768
B1R97ZQD5,A222768
B1W5LNDN5,A222768
B15NREE15,A223356
B1WCGNLF5,A223356
B1XLG1NF5,A223356
B1A24SMT5,A223356
B1YJDA1K5,A223356
B1B81HXL5,A223671
B12NZYT35,A223671
B1FE3JG35,A223671
B18YDXLE5,A223671
B1AZD4SM5,A223671
B1KYEEYY5,A223842
B15JKJ335,A223842
B1QQ3BFK5,A223842
B1D89EDV5,A223842
B1ZXRLVQ5,A223842
B11N4QYW5,A22435
B1C8UHZA5,A22435
B1QVFNUW5,A22435
B11CQL2W5,A22435
B1KN3FYU5,A22435
B1ZG8GQU5,A224554
B1WVTJT95,A224554
B141DLN75,A224554
B1V5YHCD5,A224554
B15FAGMM5,A224554
B1FR7HL85,A225232
B1AA5VSK5,A225232
B1BH4QK95,A225232
B1ST9YZP5,A225232
B1JKBHDC5,A225232
B1Y881FH5,A226723
B1NV2LEG5,A226723
B19J5ERK5,A226723
B137QLUV5,A226723
B137H4TM5,A226723
B141FWS85,A226750
B15ZN8AN5,A226750
B1P1WPWJ5,A226750
B1DC99HJ5,A226750
B1XHWSYD5,A226750
B1TBM75K5,A227849
B1C8NHWY5,A227849
B1WAXCJK5,A227849
B1NAKBBS5,A227849
B1FUW19S5,A227849
B1T5RVCY5,A228289
B133JHGJ5,A228289
B1STFC1P5,A228289
B1DUJQ7P5,A228289
B1CA9SAT5,A228289
B1F48EB55,A229244
B1PE42ZL5,A229244
B1V5THQC5,A229244
B15XAMPV5,A229244
B193T4RH5,A229244
B1U1PGJ85,A232368
B1C5FLWQ5,A232368
B1V7UABG5,A232368
B1DR9EFM5,A232368
B13Z9VCY5,A232368
B1NNMMP85,A232891
B13W5RKN5,A232891
B19W2X2P5,A232891
B1WPPMK25,A232891
B1Q1JTQT5,A232891
B1K5T1YS5,A232895
B15YU74M5,A232895
B1RXM7SK5,A232895
B1PBEUHU5,A232895
B1KRYAHW5,A232895
B1ZCTZVV5,A234552
B1Z73XBG5,A234552
B1Y2KXEU5,A234552
B1NCSPNK5,A234552
B15SWEVH5,A234552
B1DL27HW5,A235078
B1VAQQ3F5,A235078
B1UD318P5,A235078
B1MWXKCU5,A235078
B13CWF7D5,A235078
B1GELD2B5,A23516
B1TLUGT35,A23516
B18G7D7B5,A23516
B1QL2XXB5,A23516
B1G4PB8G5,A23516
B13JCXGD5,A235511
B1TN79PF5,A235511
B1JTX84S5,A235511
B13QAJDQ5,A235511
B1WCMEYS5,A235511
B1FPER4D5,A23558
B1HW4VU35,A23558
B1X9MTKB5,A23558
B1RM4FYE5,A23558
B1H1MVP85,A23558
B1DNS99L5,A23564
B188W2A35,A23564
B1RE8N545,A23564
B148R7DU5,A23564
B17WD82T5,A23564
B19TLPF95,A235644
B1CN37SY5,A235644
B1BZLTEV5,A235644
B1GX9C7T5,A235644
B1J9KNQH5,A235644
B15YJGC55,A238284
B17Y2KM75,A238284
B1RALVGT5,A238284
B1FJHWTH5,A238284
B1KX1FL75,A238284
B1FT8JCD5,A238675
B1Y1QCRM5,A238675
B1BN8K4Q5,A238675
B19EMG5F5,A238675
B1GESENK5,A238675
B135TFAE5,A23916
B14SXTYT5,A23916
B18RYARP5,A23916
B1FGMYS15,A23916
B1MKVP345,A23916
B1J2QT9A5,A239383
B1CUZMCH5,A239383
B1UN8UW75,A239383
B1JUKPDW5,A239383
B1NXV4CH5,A239383
B18SRR4D5,A239844
B1JQB4BU5,A239844
B13D8PME5,A239844
B1514G1J5,A239844
B15VKRLP5,A239844
B1A1SPEB5,A239868
B185BG5G5,A239868
B11ZNX2H5,A239868
B1FHHY1Y5,A239868
B1J3LXNY5,A239868
B1UXTSME5,A240197
B15M8MWG5,A240197
B19NQWZW5,A240197
B1KVHR825,A240197
B1WH45D45,A240197
B177U7ZT5,A240290
B1S8WZMM5,A240290
B13GKT1E5,A240290
B1JHS4EW5,A240290
B1VDW4F15,A240290
B1BRSHBJ5,A240463
B1PN33WL5,A240463
B13Q8K3M5,A240463
B12UK1CL5,A240463
B1FRH51H5,A240463
B1552D9V5,A242265
B1XUC3HW5,A242265
B17RKX8R5,A242265
B1S9ZGUA5,A242265
B1GZY7MT5,A242265
B1DYUBXX5,A24237
B1HRYGW25,A24237
B1YZC7LJ5,A24237
B1LXH9AW5,A24237
B1QWR7GS5,A24237
B1R58F8C5,A24269
B127YE415,A24269
B1M41UF85,A24269
B1NAZDMZ5,A24269
B1EVRBUM5,A24269
B1Q7VG2U5,A242821
B1E9VHD95,A242821
B1QJA2Q45,A242821
B1T3MUGG5,A242821
B1HTQZW95,A242821
B1G32W935,A242947
B1D9G23C5,A242947
B147XPKL5,A242947
B1XZ1B2B5,A242947
B13L3PTU5,A242947
B1TFUPNZ5,A243032
B1TXG5PZ5,A243032
B1LRM8SX5,A243032
B1EC5JYN5,A243032
B1RU9JTH5,A243032
B1EA4B7D5,A243051
B1V3FCFN5,A243051
B1GSGBRH5,A243051
B1XMWVNU5,A243051
B1RBHG8P5,A243051
B1FTHDWE5,A24364
B1HD5PA95,A24364
B1BUSQVL5,A24364
B1VDCNSX5,A24364
B121ASS35,A24364
B1UP7QUQ5,A244676
B1GEQL4F5,A244676
B1Y1F7Q45,A244676
B1AZPQKW5,A244676
B1X255U55,A244676
B1HNZCXC5,A245016
B11W43KH5,A245016
B19NTG5C5,A245016
B1CS493L5,A245016
B1PAZ7MH5,A245016
B1P22THH5,A245398
B1UAWR5D5,A245398
B18H4CNA5,A245398
B1L5SMRJ5,A245398
B1RYX34G5,A245398
B1VR7DVR5,A245869
B1DG4MX85,A245869
B1YSJUQ75,A245869
B1BXFXXA5,A245869
B1BFVLUK5,A245869
B1ZVQA1R5,A246942
B1EW5YW55,A246942
B1F34PTW5,A246942
B1NQYJ1Y5,A246942
B1CM8J335,A246942
B1F94CGF5,A247729
B1AF44JR5,A247729
B1USTN4J5,A247729
B19CXKJU5,A247729
B1WM1VYS5,A247729
B13Z33ZT5,A24816
B1KERGWT5,A24816
B1V5P3775,A24816
B1DRX1895,A24816
B17HFYTJ5,A24816
B1Z33GU15,A24900
B1WEJRPG5,A24900
B1GSABH55,A24900
B1BED19N5,A24900
B1YA3DRG5,A24900
B1KR23D85,A24901
B1F1B8835,A24901
B1NTCUPW5,A24901
B1KPQN1L5,A24901
B1Y1EK3K5,A24901
B1ZESACH5,A250513
B1XHMNXX5,A250513
B1JGW8CQ5,A250513
B1L32MJ15,A250513
B1NKXQZF5,A250513
B1PXGHKP5,A250744
B1MPU9EM5,A250744
B1T2XUMG5,A250744
B17WKM895,A250744
B1KHL3RN5,A250744
B1HDJ1DF5,A251945
B142XVKQ5,A251945
B1ZP97QN5,A251945
B1Z78N8D5,A251945
B1JH3WCV5,A251945
B1XZJ4JC5,A253568
B1PGABC25,A253568
B1GWVAQU5,A253568
B1S5SHSD5,A253568
B1ESHTUH5,A253568
B1EGJVHD5,A25451
B1UUWAGR5,A25451
B1151NNJ5,A25451
B1YZUE3M5,A25451
B1MKTLHS5,A25451
B1EDQM9G5,A254694
B1BG2TMW5,A254694
B1SGRWC95,A254694
B1MRPDYJ5,A254694
B18TYKFY5,A254694
B1NB5YFK5,A254701
B1JZ9KMR5,A254701
B15518E75,A254701
B1MXYS445,A254701
B1VTFSGC5,A254701
B1QKJBSL5,A257152
B1CJ7CJA5,A257152
B1Y9KQY15,A257152
B1VV4XRY5,A257152
B13PP2355,A257152
B1FST4SW5,A257156
B1LCBK325,A257156
B123RTN55,A257156
B1G8F1VM5,A257156
B1BHWAS85,A257156
B1BMCAPN5,A257446
B1ZNJ1WX5,A257446
B157FC7Q5,A257446
B15DG7Y85,A257446
B137AGAL5,A257446
B1LT1RRV5,A257542
B1LBR2DM5,A257542
B1FDMYSY5,A257542
B1PWGQG55,A257542
B1Q9WW935,A257542
B1NU2J7M5,A258164
B15DR2BY5,A258164
B1CTKXX45,A258164
B1B1CMLA5,A258164
B1D9XCTG5,A258164
B1JJWU4U5,A259139
B1BAX4845,A259139
B193L5HY5,A259139
B1Z2PVXZ5,A259139
B1B3NY5M5,A259139
B1MU5R4N5,A26233
B1Y9FGBC5,A26233
B17GHX7S5,A26233
B18V2J975,A26233
B1SLM3L15,A26233
B15GFY4C5,A26344
B1XE734H5,A26344
B1K5XFPC5,A26344
B1HYXEA25,A26344
B1JSX8WV5,A26344
B1X1MAXL5,A26348
B1Q7HJLG5,A26348
B1GGYJBV5,A26348
B1AGBYJ45,A26348
B1WNFMQY5,A26348
B1W1EWVB5,A264525
B1TAWW515,A264525
B1KHLPRN5,A264525
B13VZXB95,A264525
B1BUFBS95,A264525
B1R251HQ5,A2648
B1591JV95,A2648
B12JZ3RE5,A2648
B1ULVGFA5,A2648
B1DHY3ZX5,A2648
B13U22KT5,A265085
B1JZP9F35,A265085
B1T4JVT25,A265085
B1PVE3T75,A265085
B1WZB85K5,A265085
B12Z8EKG5,A2658
B1BW97W95,A2658
B1HZ1XMP5,A2658
B15AZ9BE5,A2658
B14JPZ255,A2658
B1XT92YQ5,A265885
B1QLHAFF5,A265885
B1QHV4L95,A265885
B15CSF2H5,A265885
B117D5Y75,A265885
B11REZ9B5,A26602
B1XGXF5U5,A26602
B1EAEUA35,A26602
B1UHX7G85,A26602
B1LYH7SX5,A26602
B15RFST75,A266823
B1P5UZFY5,A266823
B1GJF71Q5,A266823
B17MVN575,A266823
B1LV3G355,A266823
B1U9PQSN5,A267002
B1EGB8ZX5,A267002
B1GGZ9D95,A267002
B12YPGES5,A267002
B111FFQL5,A267002
B12AEVTL5,A26726
B1FZ7GGZ5,A26726
B1GU9Y8Q5,A26726
B1SU9K485,A26726
B1Q78WNL5,A26726
B13KMXR75,A268340
B1LH78EM5,A268340
B1CCJAGE5,A268340
B1FB1EE75,A268340
B1GQ2Q7U5,A268340
B133LH9R5,A268406
B1LMG74D5,A268406
B179MHW45,A268406
B19W1CXC5,A268406
B1T44YDM5,A268406
B18WHVSF5,A268661
B1RCXADM5,A268661
B1VSHQSU5,A268661
B1FVF2ZB5,A268661
B1MGZA2M5,A268661
B1EC4X485,A26872
B18C2UG55,A26872
B1T83JGR5,A26872
B11JUDZY5,A26872
B1QSQHJQ5,A26872
B1V4AWL45,A270309
B1195HY15,A270309
B1FTPLQW5,A270309
B18E3BWN5,A270309
B1EDX9JP5,A270309
B11GMTCV5,A270462
B15B5RFW5,A270462
B1AK3MEV5,A270462
B1N3U2W45,A270462
B1DCS2PN5,A270462
B11LR4G85,A271190
B1K5UAZ85,A271190
B1FQV4J45,A271190
B188ZDQW5,A271190
B1FC7TPJ5,A271190
B1DTGGEA5,A271992
B1Z7NNSB5,A271992
B1BMCPAH5,A271992
B1K3VMUM5,A271992
B1EJSGDR5,A271992
B1QY89PD5,A27202
B17NH9AA5,A27202
B137DKE45,A27202
B1A5E3RB5,A27202
B1QXLUWB5,A27202
B1N2PWLG5,A272717
B1UGFFTN5,A272717
B1AFYAET5,A272717
B1QGW9Y35,A272717
B1JQYR2N5,A272717
B1BG5ZXR5,A2734
B1AW8YA25,A2734
B1FB7CAL5,A2734
B1M2PDP15,A2734
B12EWG2J5,A2734
B1XP5VRJ5,A27474
B1SJ4JJP5,A27474
B1KKPWSZ5,A27474
B1HKX5195,A27474
B1GHL7WD5,A27474
B14LV5QK5,A275288
B1WBZ81Y5,A275288
B11EGDGU5,A275288
B1HHQ7GR5,A275288
B1UN7ZET5,A275288
B14PQJMD5,A275374
B1M3WZKN5,A275374
B1EYE8UJ5,A275374
B1GJ58XX5,A275374
B1E2J8D55,A275374
B1MR5FV45,A2769
B1UBQBM95,A2769
B1CL8DYC5,A2769
B17UXJVQ5,A2769
B1SUV2B95,A2769
B15CZ47B5,A277005
B1X5G1UV5,A277005
B1RRN1US5,A277005
B1BA2EMU5,A277005
B1END7KY5,A277005
B1FZPPAG5,A27763
B14V5QWU5,A27763
B14S99BP5,A27763
B17LEEWJ5,A27763
B1812NJR5,A27763
B1DTR35D5,A277789
B13X3WUJ5,A277789
B1ML24LT5,A277789
B1W8RA925,A277789
B1KTLVFR5,A277789
B1AR1T5V5,A27807
B1HWS2QK5,A27807
B1H2ZHFH5,A27807
B13LWVHK5,A27807
B1WGSRZU5,A27807
B1N3J82K5,A278591
B1VV3FFP5,A278591
B1PLRYPB5,A278591
B1PAXZSF5,A278591
B1SUU1NX5,A278591
B192D9UV5,A278793
B1B779MX5,A278793
B1LQCJJP5,A278793
B14NQYPQ5,A278793
B1M5H2GA5,A278793
B1LFRXYP5,A279903
B13CWFVD5,A279903
B1DCEZ3X5,A279903
B15KLWQ85,A279903
B1DKEYVP5,A279903
B1ULRXC45,A281192
B1YRKB2F5,A281192
B1JQN2SV5,A281192
B1PR8UBF5,A281192
B1P2137L5,A281192
B1WD13FX5,A28210
B1KLSSBY5,A28210
B12FN29D5,A28210
B1TWTBR25,A28210
B132ZXDZ5,A28210
B1DTLQQW5,A282283
B1GJST4F5,A282283
B1EN5GUX5,A282283
B1QDHVPD5,A282283
B1T2CRE85,A282283
B18PZ8BF5,A282732
B1WTC3415,A282732
B1EV3DRM5,A282732
B15KUAUY5,A282732
B12JUWJG5,A282732
B1M51RAY5,A283162
B15TSCNP5,A283162
B1PJZUGP5,A283162
B1RZH7EK5,A283162
B1FQP8VQ5,A283162
B1Z7XUP55,A283985
B1Y4HVC75,A283985
B1E8JG3P5,A283985
B1YNLGPP5,A283985
B1CA7XKV5,A283985
B1KZ2LBF5,A284182
B1CQR7MX5,A284182
B1CPHQAJ5,A284182
B17JHADV5,A284182
B11VM1J95,A284182
B1V923VP5,A284225
B1LXNTQS5,A284225
B1NF97MF5,A284225
B1YBS9HE5,A284225
B1VJ2D5Q5,A284225
B12ZX1E15,A287720
B1UGPL855,A287720
B11P9XFH5,A287720
B1EKP8G45,A287720
B1GSF9425,A287720
B1VYBW1H5,A287885
B1C4H9V35,A287885
B1CRQ4U85,A287885
B1BF51QA5,A287885
B193U8WM5,A287885
B1DRZYDN5,A288046
B1KFN9ZW5,A288046
B1TMG3Y55,A288046
B18H3R535,A288046
B1Z3BBUQ5,A288046
B1HKHY2N5,A288727
B1R9BZ295,A288727
B17RXZXR5,A288727
B1S8QZLF5,A288727
B1E25UU55,A288727
B1V9MJVV5,A288797
B194V7PU5,A288797
B17GYW735,A288797
B1JMYDSU5,A288797
B1SD3A375,A288797
B1UFE9MV5,A288885
B1HPKUMG5,A288885
B1VCJB1G5,A288885
B1XSX7JR5,A288885
B183CLR75,A288885
B1D8KZND5,A288895
B18YP4TU5,A288895
B1M4UGX45,A288895
B1B7DXCS5,A288895
B128EAEK5,A288895
B1QW2HPS5,A288936
B1XVRBQT5,A288936
B1GEGRWK5,A288936
B1YJYBHA5,A288936
B1Y9MUE95,A288936
B1H4CM9X5,A29020
B1E4E2R55,A29020
B1F7E71D5,A29020
B1UFAYTH5,A29020
B1LFNGPN5,A29020
B19CH1D95,A290450
B1ZBE3ML5,A290450
B1X48XY15,A290450
B1Y7PFN95,A290450
B1PLFC725,A290450
B11EREL75,A290453
B141L5T25,A290453
B1S8HJTU5,A290453
B19G44RU5,A290453
B1NA8S9X5,A290453
B1X1Q9UD5,A291163
B15T42D15,A291163
B1SYPP1V5,A291163
B1FX9LXS5,A291163
B1HRXQSV5,A291163
B1NWUJQT5,A291218
B19WVR7Z5,A291218
B1LJWEJH5,A291218
B18DGYG25,A291218
B1LC4Z4W5,A291218
B1G4J93T5,A291319
B1QUC2GM5,A291319
B1L3GMLQ5,A291319
B17K52ZK5,A291319
B1FGK32K5,A291319
B1398RMY5,A291424
B1GUDZCU5,A291424
B1ZGW31L5,A291424
B1QBEXQB5,A291424
B13QMR915,A291424
B1KFST2T5,A291427
B1PNBDLS5,A291427
B1ED9V1S5,A291427
B1EA27W85,A291427
B1QUGWEG5,A291427
B17KV2PM5,A291537
B11M1LTU5,A291537
B1RS1AY35,A291537
B1TXJMY45,A291537
B1B7FUVN5,A291537
B1UXX1JZ5,A291664
B1WR2DZQ5,A291664
B1N24P4S5,A291664
B1NA9KXB5,A291664
B1FPNGVT5,A291664
B1WQLMZB5,A291834
B1V9WVKV5,A291834
B1ULGURR5,A291834
B1ZPMEU35,A291834
B1QBZREC5,A291834
B1HPNJVJ5,A292117
B1JCATRV5,A292117
B1M1A1RJ5,A292117
B188R1AC5,A292117
B1QGNPMQ5,A292117
B1G4MTS75,A292220
B11XAKD75,A292220
B1UNN4775,A292220
B159WD1N5,A292220
B1V43TW75,A292220
B177QH5V5,A292725
B1JB1HQQ5,A292725
B1UA9SJW5,A292725
B1XXPB8U5,A292725
B1P7V77P5,A292725
B1Z2MUCG5,A292964
B1UFT4KP5,A292964
B14EDDGT5,A292964
B15E8U1V5,A292964
B1RH8UTP5,A292964
B1QLDFAX5,A293256
B1HECYCV5,A293256
B1ZXGFWF5,A293256
B1BNKLMH5,A293256
B1WF8QFQ5,A293256
B1M79WTS5,A293299
B1FDSDAR5,A293299
B1M1PT935,A293299
B1UWSK325,A293299
B1US9JN45,A293299
B12QKBLP5,A29374
B1E89TM75,A29374
B1HRQ8K15,A29374
B15F7Y3W5,A29374
B1VSFJQH5,A29374
B145LBHN5,A294020
B13K22UB5,A294020
B1NA1YEW5,A294020
B1UKX4WX5,A294020
B1G4RMS25,A294020
B1HCVPC25,A29441
B1DYBLPN5,A29441
B1MNLWMJ5,A29441
B1LH9TB35,A29441
B1X1E5GB5,A29441
B12N4PLR5,A295080
B1NMSLXC5,A295080
B18VKFEN5,A295080
B1AEDNPU5,A295080
B1B1AYST5,A295080
B1HNFWVX5,A29564
B1XU3JKU5,A29564
B11MSE945,A29564
B15HRA415,A29564
B14KKXA35,A29564
B12HWSHK5,A296031
B1BE4PD75,A296031
B1L7A4SS5,A296031
B1VGE4WC5,A296031
B1GCCCCA5,A296031
B1L1CCEG5,A296202
B1LCW7DZ5,A296202
B15KPB1F5,A296202
B19A2MXT5,A296202
B1WWYH8G5,A296202
B1FZ8WQB5,A296693
B1SXYZ1T5,A296693
B1K3SNU25,A296693
B1TZL88R5,A296693
B1K9ST7B5,A296693
B1R411LK5,A296986
B11DUY345,A296986
B1VMXVWD5,A296986
B1Q9MH735,A296986
B1HU4RAY5,A296986
B1PA2QF25,A297106
B1B54AP45,A297106
B1BCYYVP5,A297106
B1HS4AB15,A297106
B18XFZNK5,A297106
B11U7UW75,A297391
B13ZHH835,A297391
B1KJYXTT5,A297391
B17S37UP5,A297391
B1HWGQDA5,A297391
B1PFQS7Y5,A297520
B1Q3ANG35,A297520
B1UXFJDQ5,A297520
B11K7AVU5,A297520
B1CTYA9U5,A297520
B1HTLR395,A297794
B15CMNUN5,A297794
B1LEJFEV5,A297794
B1N39EYV5,A297794
B1ZNTEBZ5,A297794
B1DTL5E45,A297818
B11AT8R45,A297818
B19WYPJA5,A297818
B1H18ESK5,A297818
B19DWQSM5,A297818
B1LRAZUK5,A297988
B1S1UU1C5,A297988
B1N43C7J5,A297988
B1KHFS1R5,A297988
B1S4A52H5,A297988
B1QNNY595,A297994
B1Z8M33U5,A297994
B17BPEMW5,A297994
B1RFMLP45,A297994
B1FNEEVS5,A297994
B15PWLQF5,A298367
B15ZXXVJ5,A298367
B1SKBWXG5,A298367
B1M7CS2T5,A298367
B1L2Q1FZ5,A298367
B1Q8ZEG55,A298403
B1T4F7PN5,A298403
B1ESM77G5,A298403
B1X1YT985,A298403
B1S92SYW5,A298403
B1K2ENAG5,A298501
B18MBVDB5,A298501
B17SQASA5,A298501
B1K9SVN35,A298501
B1E955WZ5,A298501
B19B5AK85,A298633
B1LAGG9L5,A298633
B1QKUQKD5,A298633
B1HTGHUD5,A298633
B14XPZ745,A298633
B1WWQBRD5,A299018
B1AUMGDB5,A299018
B1XGQXEU5,A299018
B1HQFTGJ5,A299018
B1ZLR4DW5,A299018
B1GWX9ZG5,A29981
B1TFA5HJ5,A29981
B1VVQ1XU5,A29981
B1LTGV4V5,A29981
B1LX9WHS5,A29981
B1KHK7YR5,A300488
B1TVQV2T5,A300488
B1FRSU5R5,A300488
B17DBB2R5,A300488
B1KLSQDP5,A300488
B12258Y95,A300858
B1BL4AWV5,A300858
B1AZ1ZV15,A300858
B1VG83DQ5,A300858
B1DZRADG5,A300858
B1YHCG5X5,A301139
B1W1UXZ15,A301139
B1UUGQPV5,A301139
B1GL5PPH5,A301139
B19G9TZ85,A301139
B17NXVNB5,A301141
B1PLMHDU5,A301141
B1B5VXEM5,A301141
B1AJU5SQ5,A301141
B1QJVQGS5,A301141
B1XCECXV5,A302011
B1DTZYBM5,A302011
B1XNK2UE5,A302011
B1LMHL8R5,A302011
B1DHPNNB5,A302011
B1CSLYKH5,A302389
B1G8RTUX5,A302389
B1F33PWA5,A302389
B1S21GQD5,A302389
B1C33Q4G5,A302389
B1QQ8X1M5,A302482
B1QUHPC55,A302482
B1HS8EAZ5,A302482
B172H1UG5,A302482
B1K1R79Q5,A302482
B1VWQAZK5,A302811
B1QP3YUA5,A302811
B1J5ZWN35,A302811
B1J5D74P5,A302811
B1QKJ9QJ5,A302811
B1QHS57L5,A302881
B1KE5MPN5,A302881
B1J9PKTL5,A302881
B19FZ2FL5,A302881
B1Z3VGAD5,A302881
B1SRBM5F5,A303121
B1N532BE5,A303121
B1528HHK5,A303121
B1MH57HT5,A303121
B171E9FH5,A303121
B1CVYLQQ5,A303159
B1YZ4HDK5,A303159
B1C558395,A303159
B1LLXF8U5,A303159
B1SNV5H75,A303159
B1E7YE1C5,A303744
B14LNT9G5,A303744
B1WHM3VY5,A303744
B1DGV8185,A303744
B19DBXLL5,A303744
B1Y3AP5N5,A30396
B1FJ4RJE5,A30396
B1BZKC3S5,A30396
B184DKZ75,A30396
B1W29MF85,A30396
B1MXFW4G5,A305308
B1BXX8W45,A305308
B1N8L23D5,A305308
B1LQD7QV5,A305308
B1SWBEBB5,A305308
B12DYA9S5,A305404
B1LKVUT75,A305404
B1Y44B145,A305404
B1QBPTWE5,A305404
B1NEWD5T5,A305404
B132S8EA5,A305435
B1LJCHH85,A305435
B17N3ZW95,A305435
B1U94YAS5,A305435
B1ZP2EYQ5,A305435
B1HKW9B45,A305693
B1FBY4N95,A305693
B1B7Q4T45,A305693
B1UNETML5,A305693
B12BSX3C5,A305693
B1T3BQR35,A306076
B1WJBE9L5,A306076
B1K77VTW5,A306076
B1ZLFSQS5,A306076
B15F7UWH5,A306076
B1SEDCAR5,A306486
B1P92JHR5,A306486
B1LCYUD25,A306486
B1W95JKZ5,A306486
B1VNZNXT5,A306486
B11SX9EX5,A306941
B1PSLE7S5,A306941
B1LBH3E35,A306941
B1YJK2SK5,A306941
B1Q1F19W5,A306941
B1E8K3E25,A306998
B15H915S5,A306998
B12LWFH45,A306998
B15HAE2H5,A306998
B1F4EHMD5,A306998
B1WXWG9Z5,A307188
B1EM8T8G5,A307188
B1DLSHVG5,A307188
B149C9WL5,A307188
B1F1APLF5,A307188
B1X13BHZ5,A307714
B1WYB5MF5,A307714
B1LRWMLV5,A307714
B1HXYLKB5,A307714
B1LS2MAH5,A307714
B1J7J1HZ5,A30823
B1ZSDWDV5,A30823
B1FDXQ9M5,A30823
B1KZSBPJ5,A30823
B1MPVRRT5,A30823
B19JG94Q5,A308951
B1PQXXN25,A308951
B1HFLF5U5,A308951
B1KGMQKQ5,A308951
B1J5F1LU5,A308951
B1CKWP9X5,A310867
B14MNAWA5,A310867
B128EA5W5,A310867
B1NWZGAS5,A310867
B1UC2DUD5,A310867
B1K9DFK75,A31087
B1JS49NB5,A31087
B1UTKNB35,A31087
B1LQ9E4U5,A31087
B1HABWG45,A31087
B173WHLB5,A310956
B1DA9Z2F5,A310956
B1A5EDS15,A310956
B1RH8UFT5,A310956
B117VHAU5,A310956
B1DDGAMD5,A311264
B1R8NH1X5,A311264
B1BAG8WD5,A311264
B1WKZ2FG5,A311264
B1N3XEMW5,A311264
B1TCV2735,A311401
B1XE2Z9H5,A311401
B1319E885,A311401
B1MT2ECY5,A311401
B1LBHV9E5,A311401
B1HMF98J5,A311518
B15VKGLK5,A311518
B1ZSMJ935,A311518
B1BV5UKL5,A311518
B1Q5MW9G5,A311518
B1U3BWTA5,A312193
B172ECVY5,A312193
B138HL5K5,A312193
B1C7XXC45,A312193
B1331EFT5,A312193
B1PX8L7C5,A312293
B1ANNZJA5,A312293
B1MDZENA5,A312293
B1CJWGAF5,A312293
B1W52F225,A312293
B1H12HMC5,A312468
B1NHWG2F5,A312468
B1TULGN45,A312468
B1TQZNNB5,A312468
B1S1J2G75,A312468
B1RGHXVX5,A312529
B1QNZZBJ5,A312529
B1BDTG2L5,A312529
B19U5QLD5,A312529
B1TNDW9F5,A312529
B1ZDBVC75,A31269
B1L8SX3C5,A31269
B1KG7KMH5,A31269
B1LDZG985,A31269
B1WG8Z245,A31269
B1YP8FA45,A312986
B182K7LX5,A312986
B19FUQGB5,A312986
B1UYDAFV5,A312986
B1Y493ZM5,A312986
B1A4JKMW5,A313402
B147HRCA5,A313402
B1YEALBZ5,A313402
B1PJHR3B5,A313402
B18J2S7W5,A313402
B1G5GGZG5,A313429
B12SKT2F5,A313429
B1WL9DDN5,A313429
B144QDDJ5,A313429
B1QWJKHA5,A313429
B1BTVQTA5,A313812
B14APABX5,A313812
B1JR2BEJ5,A313812
B1FP3NP25,A313812
B187QP8X5,A313812
B1MWFBDL5,A313983
B1U3UMHE5,A313983
B1PTFH5S5,A313983
B1Q1HLZW5,A313983
B15YHWNS5,A313983
B1UDCHMW5,A315066
B1GFBH4B5,A315066
B115YCM55,A315066
B1SU1AKG5,A315066
B1Q5249K5,A315066
B17VN3D75,A315314
B1LT8HHP5,A315314
B1JG8QE15,A315314
B1HHM4LH5,A315314
B1A52LRQ5,A315314
B1VUYFLX5,A315524
B1EJH4NJ5,A315524
B1CG4ZGD5,A315524
B12H5M4Z5,A315524
B1R941DU5,A315524
B1HYQ4YD5,A315740
B1CWE3BK5,A315740
B1G82B8J5,A315740
B1LM1C555,A315740
B18N1BBW5,A315740
B1D7V9MR5,A31598
B12FYSMA5,A31598
B1RD1Y525,A31598
B1DGNESL5,A31598
B1J9QCQ45,A31598
B1CSML1X5,A316381
B1H1ASYC5,A316381
B1P77YEY5,A316381
B1DN49LN5,A316381
B1V2PRA25,A316381
B11HGUEM5,A316485
B1P8AJAQ5,A316485
B1CPTBAV5,A316485
B1NUAMHW5,A316485
B17TDTSL5,A316485
B1HBJKF45,A316525
B1Y8EL985,A316525
B1GYB1JQ5,A316525
B1UXQHLD5,A316525
B1N77L3T5,A316525
B1JXRMRV5,A316628
B14NXTZK5,A316628
B1RHNNCR5,A316628
B11UPC235,A316628
B1AM5CDS5,A316628
B1L7MAD35,A316914
B1QFNTE25,A316914
B1VW7F3X5,A316914
B1BZP1KT5,A316914
B1T8771V5,A316914
B1WVHXEC5,A317423
B1B1W4AA5,A317423
B1BLGE245,A317423
B1KG2PJZ5,A317423
B1DERAFP5,A317423
B18EYR375,A317592
B1N4RK1D5,A317592
B1Q8BHVM5,A317592
B1BMHLE15,A317592
B1E7YKP55,A317592
B1WZJF445,A317607
B11EDQF55,A317607
B1FTNDHM5,A317607
B17TXKMT5,A317607
B1CF2A8W5,A317607
B1X87SMQ5,A317660
B1S485YG5,A317660
B1XY4JM55,A317660
B1LVDG245,A317660
B1Y17V2J5,A317660
B1VUXLZP5,A317788
B1WT7BUT5,A317788
B1QBD2VF5,A317788
B11L3UP75,A317788
B1RU8N745,A317788
B1HBYFTK5,A317789
B1CZ12CT5,A317789
B1LHAF1S5,A317789
B14YAEZN5,A317789
B1D7Q5KE5,A317789
B1FX14YG5,A317843
B1LK93535,A317843
B1WKH88B5,A317843
B1JM8TBJ5,A317843
B12M8GN25,A317843
B1Y4LWJR5,A318171
B1TFH9KA5,A318171
B1VRZZEV5,A318171
B1CD9AHF5,A318171
B1J7NE3B5,A318171
B1E94TR25,A318586
B1QXR2MP5,A318586
B1XLHJJA5,A318586
B1JCDVDS5,A318586
B1QTPQVZ5,A318586
B1YU77S85,A318676
B15RY1FR5,A318676
B1KUGNPP5,A318676
B1ATG7B25,A318676
B1GLDJJE5,A318676
B1WVB3HX5,A319523
B12CPR4H5,A319523
B1VMTULT5,A319523
B1G81WBF5,A319523
B1NGBYYQ5,A319523
B153GQ5E5,A31956
B1S4D7S35,A31956
B1PWPTU35,A31956
B1HKXFAP5,A31956
B1NF2BWC5,A31956
B1ZVBFA25,A319966
B1Y2JN875,A319966
B13GHEDL5,A319966
B1JD79C85,A319966
B18XUMLS5,A319966
B1YGNLMM5,A32
B1HUKEL45,A32
B1JHR3VR5,A32
B11UABZ25,A32
B1XCZGJK5,A32
B1SRJRYK5,A320325
B1DS2U5X5,A320325
B1VMCDSU5,A320325
B1RPCZV55,A320325
B183VRA15,A320325
B1DNW4YN5,A32054
B1UUSBRR5,A32054
B1XKK4QQ5,A32054
B14RMT3J5,A32054
B1CKLXWE5,A32054
B15D981L5,A321005
B18BS1D85,A321005
B1K7LNH25,A321005
B1GJNZ715,A321005
B1MDQR3B5,A321005
B1TEDGET5,A321470
B151F4D25,A321470
B1GX9X135,A321470
B1X8EFZQ5,A321470
B14TM5BA5,A321470
B183RVQB5,A321475
B1X5ZYZS5,A321475
B1DW1P175,A321475
B119AKWT5,A321475
B128GE795,A321475
B1Q5Y1V75,A321629
B12VC9UF5,A321629
B1ELWGC25,A321629
B1JA8VHX5,A321629
B12HPGXU5,A321629
B1FP9DNV5,A322546
B18TKVAH5,A322546
B1E7SHXK5,A322546
B1XRUMRY5,A322546
B1TP4G9R5,A322546
B14RBJZC5,A322751
B1L4KGTN5,A322751
B1LY4WW25,A322751
B15DX5NE5,A322751
B1VVMA9B5,A322751
B13Q54WZ5,A323404
B15FE9HA5,A323404
B158RZ135,A323404
B1QVLTN95,A323404
B1JTS3LK5,A323404
B1LATUAL5,A324310
B1XAJHPN5,A324310
B1JBYRQ95,A324310
B1Z5838Z5,A324310
B1UHAEJN5,A324310
B1DFKASH5,A326292
B1FQCV4P5,A326292
B1X8JC945,A326292
B1FHPNYB5,A326292
B13ETZ4P5,A326292
B1KUKPUB5,A327209
B1KAG43H5,A327209
B1TKGQJR5,A327209
B1UNFFES5,A327209
B1ZH8XDM5,A327209
B1ZUGGE15,A327419
B1R85BJC5,A327419
B1XCD4K25,A327419
B1TJK4WJ5,A327419
B1U2F1FA5,A327419
B1M8FQ7C5,A328112
B187YWBW5,A328112
B15SSPKQ5,A328112
B1TEGETC5,A328112
B1WQZG1P5,A328112
B1Y8EU3Q5,A328227
B1WA95EP5,A328227
B1QF9Z8H5,A328227
B1VPJ4NX5,A328227
B17X9X8Z5,A328227
B14H3BL25,A328266
B1KEX3FY5,A328266
B115NC4D5,A328266
B1VJX3GL5,A328266
B1WCGPG95,A328266
B1SXQHNL5,A328405
B1SEZF2H5,A328405
B1KPZTXU5,A328405
B15KJ23A5,A328405
B1E8X3RA5,A328405
B1RFYXDY5,A328719
B1RVQXDX5,A328719
B18CP4A85,A328719
B1Z1WEBM5,A328719
B1VURKBX5,A328719
B1HNZUJW5,A328937
B1JDK3X55,A328937
B11EYAJV5,A328937
B1SVSB325,A328937
B15W8UGW5,A328937
B11EFJ575,A32936
B1LTFYZS5,A32936
B1AD4YNQ5,A32936
B15T28QR5,A32936
B1CNKDT75,A32936
B1VZ9F9K5,A329839
B14NGNHB5,A329839
B153EZSG5,A329839
B1J5PTL35,A329839
B1TRVGFY5,A329839
B1U2BS7Z5,A330238
B1XUTSYA5,A330238
B12DVF7F5,A330238
B1KGJTDE5,A330238
B1NE48AA5,A330238
B13FDEX85,A330241
B1VF17PK5,A330241
B1G853M75,A330241
B1WER5Q45,A330241
B1SF4SAC5,A330241
B1RVSJ9H5,A330421
B19T3DEU5,A330421
B15J27TD5,A330421
B1S9KTFW5,A330421
B1JRZP5U5,A330421
B1W5ULZ95,A330870
B1GBV5QV5,A330870
B19X1T8C5,A330870
B17VFT3B5,A330870
B1V8PPAR5,A330870
B1TJNPXE5,A331061
B1KKMS2Z5,A331061
B1NFLGTZ5,A331061
B1HHKELY5,A331061
B1EZ9L175,A331061
B14TCTHU5,A331241
B1ELWKAQ5,A331241
B1TX5F725,A331241
B1VEGT5A5,A331241
B1CWGUU85,A331241
B1N1NPQC5,A331496
B179G9N45,A331496
B1LRKVZF5,A331496
B1CB752Q5,A331496
B152L1HA5,A331496
B1Y2N9EG5,A331513
B193FG8P5,A331513
B1CGJX985,A331513
B1JG8FVE5,A331513
B1DYQDN15,A331513
B118Z4PU5,A331895
B1MLW7WE5,A331895
B1YX87FY5,A331895
B1N58L2W5,A331895
B1DDY4CC5,A331895
B17LAR3R5,A331897
B1YFTRN25,A331897
B1GA823K5,A331897
B13VJ9V35,A331897
B1FS1ZL25,A331897
B159ZSEH5,A33221
B1HAXPY45,A33221
B1HNRKLE5,A33221
B1Q25R135,A33221
B1M3GA7U5,A33221
B1M2HPJK5,A332260
B15H4UDC5,A332260
B1HD2T4B5,A332260
B1P8ALHY5,A332260
B1JTBJMV5,A332260
B1W53TCY5,A333956
B1A1Z8VU5,A333956
B1H1778C5,A333956
B1XQ5XGK5,A333956
B1E7GN8W5,A333956
B1WD2YXX5,A335286
B1BF3PXE5,A335286
B1X987S85,A335286
B1MM5SMZ5,A335286
B1D485435,A335286
B1F15V835,A335384
B18CCYJA5,A335384
B1M35KW55,A335384
B19WSJ275,A335384
B1F7XFJU5,A335384
B1CBH7ZB5,A336061
B19SCNWB5,A336061
B1KAVJT15,A336061
B1FHD8X95,A336061
B11KK13A5,A336061
B1AQPUQA5,A336373
B1D24PQL5,A336373
B1VNLCG45,A336373
B1LB3BG85,A336373
B1YWD5VJ5,A336373
B1UJF2KD5,A336810
B1YVPYAP5,A336810
B1MAKYUQ5,A336810
B1SJGUAJ5,A336810
B1E8HUKM5,A336810
B1LTSQC75,A337226
B1E9LXUW5,A337226
B1S3UUWR5,A337226
B1REE4CW5,A337226
B1STSNSG5,A337226
B1K8AT1C5,A337710
B1FZS9J55,A337710
B1WYAN985,A337710
B1AAWAPP5,A337710
B1MZ9S3E5,A337710
B1WAZH9G5,A337730
B14JBQME5,A337730
B1UTFXB25,A337730
B19ZZTK75,A337730
B12UYBBK5,A337730
B1V83PTR5,A338379
B1QVJA8Z5,A338379
B1FXCD3K5,A338379
B1MB1UHB5,A338379
B1NUM9585,A338379
B1FV3U2R5,A33894
B12Y44EQ5,A33894
B1DTRKK55,A33894
B1UU5E515,A33894
B1GRHDY85,A33894
B1SQSU7Y5,A339208
B1XE7YRH5,A339208
B1ES7MKF5,A339208
B1EGGYJX5,A339208
B1PMU5745,A339208
B1VC4QNW5,A3397
B1QXL3D95,A3397
B18BA4FX5,A3397
B1JXYEXY5,A3397
B1TVMTME5,A3397
B1XP3MSA5,A340262
B1ZR49B25,A340262
B1U38R7G5,A340262
B1278B5D5,A340262
B1G3BHL15,A340262
B15B8UHC5,A340601
B1AYFGHS5,A340601
B1X3YHWV5,A340601
B184U3K35,A340601
B15DS9HZ5,A340601
B144BE9Q5,A340742
B15QFVLK5,A340742
B13AMDV55,A340742
B1KCVVNP5,A340742
B1QZMX5S5,A340742
B19QU3MG5,A34155
B1799YAW5,A34155
B1CVLY2P5,A34155
B1GDBALT5,A34155
B1RFY7W25,A34155
B1H25AMD5,A341569
B1NMSAV55,A341569
B15ZUWQJ5,A341569
B1P3MUS15,A341569
B1K95QPF5,A341569
B1QV47SJ5,A342353
B191KX1V5,A342353
B1H7C15Q5,A342353
B1ANRLRM5,A342353
B1NV2Y485,A342353
B1LXCNYB5,A342385
B1FGHAKM5,A342385
B14J94TV5,A342385
B1BSS4G85,A342385
B1NTB27C5,A342385
B11XFBTT5,A342517
B1HYL7MN5,A342517
B1FWS5E15,A342517
B1PTLYY95,A342517
B1PBK8ZW5,A342517
B1CWH48S5,A34272
B1QAJAYH5,A34272
B1F9VHBE5,A34272
B1YEL82Q5,A34272
B1EYKWEK5,A34272
B1AJVPEP5,A342794
B1C189715,A342794
B13T97BY5,A342794
B1K7MBNG5,A342794
B13TQVJU5,A342794
B1HZXVTD5,A345160
B1MB5D155,A345160
B1AR8ZQG5,A345160
B1ZM875A5,A345160
B1Z4EMSE5,A345160
B18TTLGW5,A345431
B1RHN7NQ5,A345431
B1PY3WHF5,A345431
B1TGRCM95,A345431
B1Z2QRWR5,A345431
B155PQ7C5,A345988
B1P4R5PB5,A345988
B1AXKCAN5,A345988
B1W2KWJS5,A345988
B1K9Y9NV5,A345988
B15AG5RX5,A346096
B1CK4N3G5,A346096
B1MW2HAZ5,A346096
B1PATWUJ5,A346096
B1M5TMFA5,A346096
B1KTC4G25,A346825
B1E248TT5,A346825
B14Y3X7W5,A346825
B1ZDCCDP5,A346825
B1JWNV775,A346825
B1PTYNRT5,A347356
B12R1JUG5,A347356
B1SQZZPF5,A347356
B1EJV5QP5,A347356
B1ALZB355,A347356
B1RA8PPM5,A35002
B1DW1S4Z5,A35002
B1ZRRXEG5,A35002
B1JFKNDS5,A35002
B1GYBVJ35,A35002
B1ZPNC9K5,A351790
B1CDT9JU5,A351790
B19PUZKR5,A351790
B14V5PQ85,A351790
B1MCQH935,A351790
B1C2G4KZ5,A351960
B13MUFHX5,A351960
B1B5AVNL5,A351960
B1YV1W955,A351960
B1LUVK425,A351960
B1XXZ15J5,A352279
B1PC4YD55,A352279
B1QCGMLN5,A352279
B15ERK9S5,A352279
B179CN4H5,A352279
B1DP4RU55,A35276
B1AJV4BJ5,A35276
B1D9XXNW5,A35276
B13N2MFR5,A35276
B1EYLEU35,A35276
B1DJB4485,A353106
B1QVETGP5,A353106
B17LCSMW5,A353106
B1ZKKWKU5,A353106
B189HHJH5,A353106
B1QKDQFD5,A353440
B1UH2UYK5,A353440
B1937AJL5,A353440
B1WVZ3TA5,A353440
B1TJSSRS5,A353440
B1433FP95,A353554
B15M9DM15,A353554
B1K53TVD5,A353554
B1K7L7GV5,A353554
B1L1XJDS5,A353554
B1AP44XZ5,A354063
B1MFYQ5C5,A354063
B1FV9APY5,A354063
B1ZU8VLN5,A354063
B177NJP55,A354063
B1EU28445,A354103
B1YES5M55,A354103
B1G7YN125,A354103
B1HS48S25,A354103
B1HD8XMU5,A354103
B1CJFYMM5,A35413
B1QUSUT35,A35413
B1KXUH195,A35413
B1F544D85,A35413
B1KPSD7A5,A35413
B159TXF95,A354223
B1C9DLUB5,A354223
B1LHTK1T5,A354223
B1HR8LMQ5,A354223
B12PT7K95,A354223
B1QEP7QA5,A35483
B138783N5,A35483
B179RN9C5,A35483
B14ZGCY55,A35483
B15NVN4S5,A35483
B1PX5U945,A355038
B1QU5TLE5,A355038
B1YYTD3V5,A355038
B1ZJ2LFK5,A355038
B15F8DBH5,A355038
B1DERR8K5,A3562
B1D42U7D5,A3562
B1VLNVUA5,A3562
B1XWVJ215,A3562
B1KQDZL25,A3562
B1LBG1S55,A35653
B1NS7DU25,A35653
B19ASRCD5,A35653
B11NV8UW5,A35653
B1G1HEK25,A35653
B154HJJN5,A359239
B1M1FJRL5,A359239
B18HY7125,A359239
B1GW7ENJ5,A359239
B15BBXFH5,A359239
B1TR8EFA5,A359886
B1HSYMK55,A359886
B1HWJU745,A359886
B18J5H1L5,A359886
B1F27NEP5,A359886
B123DFKY5,A36048
B1AB2VZS5,A36048
B11TX25Y5,A36048
B19M7Y8W5,A36048
B1QE2JSU5,A36048
B1PHJLKR5,A361197
B12L9UNM5,A361197
B1LGY59D5,A361197
B1VXZ7UL5,A361197
B1QMVNGP5,A361197
B1V1K1VA5,A36164
B1QG2YBN5,A36164
B1WRUA555,A36164
B1WWCFPQ5,A36164
B1T1SS8G5,A36164
B1WWSDNU5,A362625
B1RMLKNC5,A362625
B1MCXFTT5,A362625
B1EGK9FR5,A362625
B1R3Q9HF5,A362625
B1LL5WBW5,A363785
B1VUEFYE5,A363785
B1NE17S35,A363785
B1KYKCP85,A363785
B1K5LUB95,A363785
B13QYWGR5,A364796
B1Z4CX5D5,A364796
B1UL241X5,A364796
B17KB8N25,A364796
B1VXCPTF5,A364796
B17B7B1X5,A365042
B1VGPJ9D5,A365042
B1CEVQLG5,A365042
B13PA2395,A365042
B1MJ44BN5,A365042
B14HN12F5,A36575
B1YK3DQA5,A36575
B1Z9SZM15,A36575
B1KGCSLP5,A36575
B13XNXDR5,A36575
B1M77VWP5,A365842
B15Z5Z7Y5,A365842
B1JMSAUK5,A365842
B1P2VJLZ5,A365842
B1XT7APB5,A365842
B1JFCZLH5,A3682
B1CFTNE35,A3682
B17BWAZY5,A3682
B197P9AX5,A3682
B1TB47JL5,A3682
B142Z4MZ5,A3688
B1PPBPKA5,A3688
B13HESDT5,A3688
B1F5GANB5,A3688
B1D2ZSMT5,A3688
B1ZHPU7G5,A369352
B1BUYFT45,A369352
B141CAPC5,A369352
B1T5RG2E5,A369352
B1SAF4G85,A369352
B1PKGDBR5,A369834
B18HBWNA5,A369834
B1CXDUJR5,A369834
B1ZGWB5H5,A369834
B1M8U8QB5,A369834
B1MEMF3D5,A370294
B1KJC7975,A370294
B1G9DNME5,A370294
B1EQFLQQ5,A370294
B1W7NFHS5,A370294
B1EAZKJJ5,A370865
B1T4LK2U5,A370865
B1K7KSNX5,A370865
B1MJP5TY5,A370865
B1ES5UES5,A370865
B1PQRQF35,A371043
B18P8VHW5,A371043
B1J54DD45,A371043
B1UJRUBH5,A371043
B1L2N5ZM5,A371043
B1QRX2KA5,A371513
B1THU9M95,A371513
B17M79RG5,A371513
B1PZLNYJ5,A371513
B1WE18HP5,A371513
B17MGL1Q5,A371730
B1LRR1A25,A371730
B131HRY75,A371730
B15CJKAJ5,A371730
B1WQFM8J5,A371730
B1EDXJNV5,A372332
B1NNDJEW5,A372332
B1N7GSFT5,A372332
B1VU9AS95,A372332
B1X94B3L5,A372332
B1BSM9KM5,A372789
B1U9839D5,A372789
B1R54KJN5,A372789
B1SN1V2P5,A372789
B1QP9SE45,A372789
B1G5YBPW5,A372985
B1RUPE7K5,A372985
B1AW4BQ95,A372985
B1U551LW5,A372985
B19PD41L5,A372985
B1TXUJAL5,A373726
B1XH25DX5,A373726
B1LT2VDH5,A373726
B1V5QZ3Y5,A373726
B1QXF35Z5,A373726
B1G1FEBV5,A374192
B1M59A2R5,A374192
B1CVU7SS5,A374192
B1D4MQ8F5,A374192
B149XGQJ5,A374192
B1AK2TXM5,A3744
B1N7SLP95,A3744
B1LWZGXX5,A3744
B14R9V5A5,A3744
B1TZEYSZ5,A3744
B1APTTKN5,A376048
B1A14XB75,A376048
B1ASTG9X5,A376048
B1LN5GB95,A376048
B1H83JJX5,A376048
B13VYPYK5,A377160
B1UNEZG85,A377160
B1FFAP8S5,A377160
B14XV9SF5,A377160
B1PVHB235,A377160
B1FHBDW35,A3799
B18UQR7B5,A3799
B1QRC3K15,A3799
B1P4T7KV5,A3799
B1FELLSL5,A3799
B1AT9DTR5,A380149
B1BXH4SX5,A380149
B13W3TCB5,A380149
B11T7D285,A380149
B1A7QKVR5,A380149
B17LAPER5,A381296
B11YJA1F5,A381296
B1BZD8145,A381296
B1HDWJV15,A381296
B1NMFX1E5,A381296
B18CD7N95,A382283
B1KR5VCB5,A382283
B18CSJQG5,A382283
B1U8MHLC5,A382283
B12ZN7TW5,A382283
B159LCYS5,A383788
B18YJS245,A383788
B1PHYXPA5,A383788
B1WCE2N25,A383788
B1T9RKGL5,A383788
B11W7UL45,A3855
B1MZ9CX45,A3855
B13ZQCZ85,A3855
B1AALJX25,A3855
B1FNBK345,A3855
B1P7KPGJ5,A385940
B19U3UGZ5,A385940
B1C7YUL95,A385940
B1C8T4FV5,A385940
B1TPD59F5,A385940
B1CRGWV15,A388294
B1WHTS9F5,A388294
B12XDJK55,A388294
B1KF9T4G5,A388294
B1GNGUKM5,A388294
B1CYYNTP5,A389020
B1UMCJAR5,A389020
B1FB7AQ45,A389020
B1NAMG2W5,A389020
B1DBNX185,A389020
B1CETHDS5,A390906
B1FZL1YX5,A390906
B1UNPZHP5,A390906
B1UGCY1G5,A390906
B14HXLLC5,A390906
B1J5J91W5,A391609
B1BPPDWH5,A391609
B1E251VR5,A391609
B17D7R7K5,A391609
B1DG2FN55,A391609
B1F9KQUY5,A3919
B1ZCPXHS5,A3919
B1S5ANXS5,A3919
B1DFFG4U5,A3919
B1QDLENS5,A3919
B1CSCD235,A394905
B18BUE9J5,A394905
B12XZUV35,A394905
B1JLJMQG5,A394905
B1VN2F825,A394905
B1JESCDM5,A396080
B17FPBC55,A396080
B1PSMY7X5,A396080
B14MRUM75,A396080
B192GAJ75,A396080
B1TEFDPT5,A397123
B1AKBM555,A397123
B1BUNR735,A397123
B1CFNKFZ5,A397123
B1DLL98G5,A397123
B1QGWKKA5,A398156
B12FY5M95,A398156
B1CWUEV75,A398156
B1MVU9J15,A398156
B1B7MYEF5,A398156
B11G8X5U5,A398470
B1D5H83B5,A398470
B1N9GZ9Z5,A398470
B18F4AEH5,A398470
B1UF7L1T5,A398470
B1JQDSLB5,A400120
B17BMQJ45,A400120
B1C1A7YF5,A400120
B1AVSRWD5,A400120
B1NETX3T5,A400120
B12JNJ415,A400847
B1L1JYJS5,A400847
B1U5CQ235,A400847
B1JD28FS5,A400847
B1SW5R4F5,A400847
B1JRQG7E5,A400881
B1JMNLMV5,A400881
B15DXVFP5,A400881
B1MLXQSE5,A400881
B1ARMPUK5,A400881
B1VEQ4BJ5,A401793
B1KMVLKS5,A401793
B19DU84R5,A401793
B1NJAMUH5,A401793
B1ELZWW55,A401793
B1L5Y34S5,A402934
B1XL5CX35,A402934
B1C29NZM5,A402934
B13NM1L95,A402934
B1T1A5F75,A402934
B1FPNRYR5,A403526
B171R7835,A403526
B15HR5Z25,A403526
B143GRUU5,A403526
B1XT152D5,A403526
B1HHUHY15,A403781
B1G7DG4W5,A403781
B1N5KCXD5,A403781
B1ZR9Q1V5,A403781
B1A4EN935,A403781
B1LRP7LW5,A40493
B1QGLFQQ5,A40493
B18TH5GL5,A40493
B1ZHPLQG5,A40493
B17UJVC85,A40493
B1KZ7HH95,A405195
B11W11V95,A405195
B1QJN7N85,A405195
B15CRKQV5,A405195
B1QK5NVB5,A405195
B1GSJRUG5,A405698
B1J5F7HE5,A405698
B1P12P8W5,A405698
B1CLWBQF5,A405698
B11QN9VJ5,A405698
B1J95T475,A406167
B1XFR85F5,A406167
B1Y9TQDV5,A406167
B1QF9ACX5,A406167
B1KPMJPJ5,A406167
B1S7BJPB5,A408277
B1DE8MTC5,A408277
B11NFNB85,A408277
B1MTP1KF5,A408277
B1R8Q5GH5,A408277
B193PXMF5,A4097
B1AEH1F75,A4097
B1KSWQJ95,A4097
B17G8F475,A4097
B185V8WR5,A4097
B1JB9BNB5,A410292
B1RFNKPZ5,A410292
B1S4VRGG5,A410292
B18195SE5,A410292
B17PTEGE5,A410292
B1SEUF545,A4103
B1S74HUN5,A4103
B1VHXDZY5,A4103
B1BZ5A7H5,A4103
B1ZS2E5Y5,A4103
B1FZWS295,A411326
B198CWHX5,A411326
B1CEDA975,A411326
B181C3YQ5,A411326
B17E3ZVU5,A411326
B1U7QN2S5,A412181
B1J72LN85,A412181
B151Q4RG5,A412181
B1CPFLXH5,A412181
B1SVPDWW5,A412181
B14KS7355,A412431
B1BC2LNJ5,A412431
B1H57ECX5,A412431
B13Y1F1P5,A412431
B1PK3USU5,A412431
B1YMZC8Z5,A4129
B1SXBLQ75,A4129
B11ZJLGA5,A4129
B1GV3B9C5,A4129
B15BAJE15,A4129
B1LN17AP5,A41343
B1ZV4RS55,A41343
B17U5MFR5,A41343
B1JATA855,A41343
B19HMJ1L5,A41343
B15ZYD7R5,A413708
B1U2H72Y5,A413708
B1B7MAGV5,A413708
B1NGNBAP5,A413708
B158YHRR5,A413708
B1G745ZD5,A414141
B11JFYKP5,A414141
B1XJ834Z5,A414141
B1PLEQP45,A414141
B11GYJ7B5,A414141
B19DNR8F5,A416648
B18G874X5,A416648
B1QFLRXC5,A416648
B1VERLAU5,A416648
B1Z9WU7H5,A416648
B1W4GRNM5,A418066
B1TLYCPJ5,A418066
B1XRRZDQ5,A418066
B1XCK91Y5,A418066
B1UJDPXM5,A418066
B15YAV3U5,A4186
B19U77KV5,A4186
B1TSH4Q25,A4186
B1UEKULB5,A4186
B1WRWFA55,A4186
B1FEDJJM5,A4189
B1PG4PLS5,A4189
B18K9JZT5,A4189
B1JH7XKF5,A4189
B1WXJL825,A4189
B1KQCZLG5,A419428
B1Y3BDPT5,A419428
B1D2KWNT5,A419428
B1E2KEM95,A419428
B1YMUF4Z5,A419428
B1XHRLXF5,A421565
B1UU24125,A421565
B141E4LN5,A421565
B1TWAJTA5,A421565
B1VY8TWL5,A421565
B1HEUKY95,A42273
B1LZGE1U5,A42273
B1A5A5NU5,A42273
B1LS8X735,A42273
B13UU7RC5,A42273
B1115RZW5,A42337
B1F893VY5,A42337
B1RCXL325,A42337
B11PR9GD5,A42337
B1NC2W1X5,A42337
B139V1AN5,A42395
B1X7T2C25,A42395
B1ZF2BFM5,A42395
B1PH8QA15,A42395
B17FH1MV5,A42395
B1FC7J1V5,A425559
B1VCJEG75,A425559
B19NUHVS5,A425559
B17RDDSP5,A425559
B1TU5PEN5,A425559
B1BGTAS55,A426491
B19YDJNY5,A426491
B19JSM835,A426491
B1UPLTJE5,A426491
B1K115QC5,A426491
B1L9UE735,A427249
B1Y9KJNJ5,A427249
B1Q1RF7K5,A427249
B1DE8X8P5,A427249
B12EP7MT5,A427249
B1KP2MHN5,A428341
B1UD79S95,A428341
B1CPZEC75,A428341
B1NJRBX85,A428341
B15ZQDRE5,A428341
B1HC5KM25,A430970
B13JSYMR5,A430970
B1LW1W7Q5,A430970
B1KN1RUP5,A430970
B1U8FXBK5,A430970
B1TNHQLU5,A432
B18K98AM5,A432
B1URLD8F5,A432
B13DVFKZ5,A432
B1MEY1PU5,A432
B1JN9ZVF5,A432767
B12WSN7D5,A432767
B1J2S3JK5,A432767
B1VEFZ5Q5,A432767
B1PVMSKJ5,A432767
B1V5L1XM5,A433
B123RX2G5,A433
B1ZDQ4F25,A433
B1Q29Q3E5,A433
B1VUAU7W5,A433
B1AM1BK45,A433058
B1959AFB5,A433058
B1C7BRPG5,A433058
B1K7AFWU5,A433058
B1D295GG5,A433058
B1C4CEAD5,A433215
B12JMT145,A433215
B1ZTXEWG5,A433215
B1FFKM925,A433215
B1RWWWRW5,A433215
B1LTVKMD5,A433598
B1TRVKH85,A433598
B1CCJX485,A433598
B1ECBB425,A433598
B1GXHJMT5,A433598
B1XC1JJR5,A435
B1R2BPFE5,A435
B141UW485,A435
B1REXXZZ5,A435
B18NJFRK5,A435
B1P3EKCL5,A435008
B1YBJEK45,A435008
B1A8U5RF5,A435008
B15FRJ2Z5,A435008
B1WPFXTB5,A435008
B1XWVBYW5,A435984
B11LVZR85,A435984
B1KZUB2L5,A435984
B1TJHPQW5,A435984
B1MW88JG5,A435984
B1WGN8XC5,A436269
B1HA2DGS5,A436269
B1YVZK3K5,A436269
B15XWA9X5,A436269
B14GKUWF5,A436269
B14PQZCP5,A437081
B1TC5VEY5,A437081
B1E8RSZ25,A437081
B19CJNL95,A437081
B1AQ2CEQ5,A437081
B11Z5EZN5,A43841
B13NW5G15,A43841
B1L9J8SS5,A43841
B1UB9TDD5,A43841
B1DNQMZF5,A43841
B1W7RBK45,A438796
B1NLLPH75,A438796
B15FCVUP5,A438796
B1C1V4FU5,A438796
B1A752P25,A438796
B1APYH9T5,A439283
B1AWBN5F5,A439283
B1HLQSCV5,A439283
B1VSCY1X5,A439283
B1H4S8CN5,A439283
B1ADDLWG5,A439527
B159VLVV5,A439527
B17XDCPN5,A439527
B1UBS3AV5,A439527
B1C4FRR85,A439527
B187LSY55,A439625
B198VYC55,A439625
B1JALZMC5,A439625
B15LWLCK5,A439625
B1BXK5XA5,A439625
B1LGPZRK5,A439800
B1D7QYGU5,A439800
B1VWG2W25,A439800
B1U8T9F55,A439800
B1X7SKHJ5,A439800
B1JVEHLF5,A440368
B17WU2W75,A440368
B1ERDLZM5,A440368
B1PCQYG15,A440368
B1NQ9JQ15,A440368
B1LLEGU45,A440399
B1XJ1A1Y5,A440399
B1JPAJQ75,A440399
B1HCSTNC5,A440399
B1KZJ1K95,A440399
B1ZT7TER5,A440730
B1G48MTY5,A440730
B1TH8PEY5,A440730
B18J84E95,A440730
B1NMU5DG5,A440730
B17ZMEDS5,A440834
B12GDSSK5,A440834
B1B2LBHA5,A440834
B1QX7NK75,A440834
B1ZETX4L5,A440834
B13JXNDL5,A441442
B1KXBXUS5,A441442
B13BKADN5,A441442
B1XQFJ8W5,A441442
B1NWB7EN5,A441442
B1TZMZRR5,A441783
B1H1EXNZ5,A441783
B18ZNSWK5,A441783
B1QGEDFS5,A441783
B18BSXGY5,A441783
B1UW4SKD5,A4422
B1FY45RS5,A4422
B1GHNSWA5,A4422
B1ZVMN9B5,A4422
B1RC84815,A4422
B1C299425,A442458
B1QJA42N5,A442458
B1ADHWC25,A442458
B1GKMVEU5,A442458
B1HKTGVV5,A442458
B1GAUD4A5,A443053
B1EZFX7P5,A443053
B1JZ7HAL5,A443053
B1TLFMK55,A443053
B1UCCLXY5,A443053
B1X5J57A5,A443065
B1HGFT7H5,A443065
B1AK3R385,A443065
B1G83RRL5,A443065
B1LEYSEV5,A443065
B1B4FCHV5,A443702
B1H5T48J5,A443702
B1WRJ9E95,A443702
B1M8F94C5,A443702
B1KMUB235,A443702
B1DHKLC95,A443971
B1A1F4HQ5,A443971
B15HVXYA5,A443971
B14PAJUJ5,A443971
B11AC5LF5,A443971
B1X2GUZY5,A444844
B134QCPL5,A444844
B13YLB3H5,A444844
B1GGKC435,A444844
B1ZBNYTD5,A444844
B1SHL7F55,A447573
B1KAS2UR5,A447573
B19YSDN35,A447573
B1KVV7LY5,A447573
B1XD2YT35,A447573
B1TDWDQN5,A447630
B1C8YMGC5,A447630
B1PGYR9X5,A447630
B1G4G1U55,A447630
B15HRN8B5,A447630
B1AWDXQR5,A448646
B1B7FVMR5,A448646
B1WDQD3G5,A448646
B13RNWUU5,A448646
B1J35N245,A448646
B13PX3175,A448663
B1T2QQK35,A448663
B18RD3PY5,A448663
B111PQ195,A448663
B18UBTT15,A448663
B1TVAH885,A449207
B18QYYWF5,A449207
B1A73BTT5,A449207
B1ZEKQNZ5,A449207
B1G4N2W35,A449207
B1FKDE9K5,A449268
B1J4XDZA5,A449268
B139WYMT5,A449268
B1MSQPHD5,A449268
B1D7G5JL5,A449268
B1PU7T1J5,A449958
B17RDNEL5,A449958
B13BUS435,A449958
B13QX52G5,A449958
B1PQCEUD5,A449958
B18TJELU5,A45206
B1MWCKKF5,A45206
B1WSMJUK5,A45206
B19ZKP1Q5,A45206
B15KJBEQ5,A45206
B118MJ2L5,A452746
B1MQ8LQD5,A452746
B134EC4Y5,A452746
B1GNSJS85,A452746
B1MLT9XP5,A452746
B1U4DQZU5,A45282
B1NGVA4H5,A45282
B1L57ZK85,A45282
B1JXPQ3P5,A45282
B1NFA5L45,A45282
B197VF4Z5,A453498
B1NVQAJQ5,A453498
B11NBXYW5,A453498
B1DHZRPS5,A453498
B17K82QS5,A453498
B1P2CMFQ5,A453768
B1PSPLUY5,A453768
B11M93PF5,A453768
B13NYKM95,A453768
B1QCQF985,A453768
B1AGAJNT5,A454811
B18J1N3T5,A454811
B1WLLSCF5,A454811
B1BHDJLU5,A454811
B1BY1FZN5,A454811
B1JLHMMA5,A456393
B1BGAKCW5,A456393
B1UYFR8Q5,A456393
B1YVANVD5,A456393
B1XRS5ML5,A456393
B1D4XKXP5,A457281
B1C1QMDA5,A457281
B17LPR9U5,A457281
B1HMX39P5,A457281
B1K9DR155,A457281
B1Q4TZLQ5,A458800
B17RXDKS5,A458800
B1XNS2FJ5,A458800
B1F2SEL35,A458800
B1LTY1DJ5,A458800
B19CHWLK5,A459565
B14HR3CC5,A459565
B1MYTTCC5,A459565
B1E9A2WL5,A459565
B1APGBED5,A459565
B1KT59YN5,A459887
B1JP9A4Y5,A459887
B1DWBEGE5,A459887
B1RDWBHF5,A459887
B1S89WEC5,A459887
B1YSL3BR5,A460382
B15HEVWC5,A460382
B1QALGXA5,A460382
B1NZN8XC5,A460382
B1ABTKX55,A460382
B1ZZSWRP5,A460580
B13ARS7P5,A460580
B1DFB8AD5,A460580
B1ZC4R325,A460580
B1E4ADY25,A460580
B18XB9X45,A460596
B1ZLZ1ZP5,A460596
B183PVGW5,A460596
B1R73Z215,A460596
B1AXCP4Z5,A460596
B12BHYN15,A460621
B1R2K5H35,A460621
B1JKUYBF5,A460621
B1UYSWP35,A460621
B11FP2HX5,A460621
B12TCAGU5,A4616
B14521EE5,A4616
B1ER9CW25,A4616
B1KHQRV95,A4616
B1LCTWFE5,A4616
B1PZDU135,A461620
B1GVX9RS5,A461620
B1FZZCJK5,A461620
B144NEDH5,A461620
B1KVX1595,A461620
B1VZM4A95,A463163
B1EMBHVM5,A463163
B1CVC5VE5,A463163
B1HFKXM35,A463163
B1RB8FXB5,A463163
B1S2R3VP5,A465715
B1MWYR9R5,A465715
B1Q8UKJ25,A465715
B1A7SEEG5,A465715
B15QV77P5,A465715
B1UPUJKU5,A468366
B132GKJT5,A468366
B1ARV8RH5,A468366
B1NUE9PP5,A468366
B19Y3X4P5,A468366
B1VEF8ZV5,A4685
B14FE2CJ5,A4685
B1J2WRMG5,A4685
B1PPPF445,A4685
B1V8U9EF5,A4685
B1ARV3VB5,A46868
B1XVU7AF5,A46868
B1S7KEYE5,A46868
B1N8WK4U5,A46868
B1K5MSYM5,A46868
B1NE2ZMD5,A468989
B154M7GZ5,A468989
B1H85YKP5,A468989
B1DAVZWK5,A468989
B1QDUKEV5,A468989
B19P4H345,A47089
B1CUBB8M5,A47089
B1PKFA275,A47089
B1F8BU9E5,A47089
B15T8U8J5,A47089
B12MTAMS5,A47096
B1JQ2N4M5,A47096
B1Y4UTLC5,A47096
B1Q9AU715,A47096
B17JXD2N5,A47096
B1W1E7KR5,A47186
B11UML455,A47186
B191L2SU5,A47186
B1EUTZ7L5,A47186
B1RHK1SV5,A47186
B1E73BWW5,A472521
B1RCRZF75,A472521
B1DMUSEK5,A472521
B1YZPYES5,A472521
B15CMUVH5,A472521
B12J4QUN5,A473014
B192W5145,A473014
B1F5RD445,A473014
B1NMGYSS5,A473014
B1NQ8PAG5,A473014
B1ZLQY9Q5,A475818
B1RHYKNC5,A475818
B1EW4DWA5,A475818
B1GZ34KU5,A475818
B1KW9QEB5,A475818
B1NB9H4L5,A476347
B1LNM7495,A476347
B1EX9HVM5,A476347
B1J2EJCC5,A476347
B14GTKTY5,A476347
B1DNXMBU5,A476578
B1YJBXDY5,A476578
B12GZ2RH5,A476578
B1XNJVX45,A476578
B14JSUXZ5,A476578
B17WAT455,A476595
B1R7Y8KQ5,A476595
B12VHC5C5,A476595
B1CX4YAR5,A476595
B1JPHLU25,A476595
B1U3JSWC5,A476774
B1VWX4UQ5,A476774
B1WHKKMQ5,A476774
B1D373ML5,A476774
B13WJRP15,A476774
B177JAWT5,A476876
B19YX4X55,A476876
B1TMAYUY5,A476876
B1RSZLU45,A476876
B12JCFPA5,A476876
B1PEA3DE5,A476909
B1E4SNS85,A476909
B1ULGMNN5,A476909
B1ANKNM25,A476909
B1WQLM4H5,A476909
B1ET7A325,A476917
B1HTCU995,A476917
B1XWZMZD5,A476917
B1XQYWZ95,A476917
B1GCER955,A476917
B1ZUSX5P5,A476971
B1YH2R8A5,A476971
B1S5DP245,A476971
B1KCR5KA5,A476971
B1R19NWX5,A476971
B15UFWE95,A477173
B1SMZ5WH5,A477173
B1PGRDDP5,A477173
B14D784U5,A477173
B1V48JC95,A477173
B13345LH5,A478296
B1LBNPZW5,A478296
B1N5V2275,A478296
B1UNMYFA5,A478296
B171SHVS5,A478296
B1QJRKST5,A479199
B1ZJFQVQ5,A479199
B1E5NAAN5,A479199
B17LGQH85,A479199
B1PN5NLK5,A479199
B1SV8U325,A480248
B1P3W1JG5,A480248
B18NELGM5,A480248
B18VYER25,A480248
B12USE375,A480248
B1VG7WYV5,A481859
B11H89YK5,A481859
B1ZV4D795,A481859
B183LWXB5,A481859
B1CU3LJA5,A481859
B1ARSZV15,A483871
B1NTASYS5,A483871
B1VN9TG45,A483871
B1XJ53735,A483871
B174B4555,A483871
B1C9X8JB5,A483889
B1XTBGD35,A483889
B1XPR2975,A483889
B1NXJRQY5,A483889
B11MKETA5,A483889
B1QB784H5,A483897
B178QZMF5,A483897
B1541YCQ5,A483897
B12RZ1P15,A483897
B1RK311H5,A483897
B184S1EP5,A486101
B1X7S1PU5,A486101
B1RL1JH85,A486101
B1N4EHRN5,A486101
B1ZDM23L5,A486101
B1JRK9LU5,A487054
B1B42LEA5,A487054
B1HJ9ZNQ5,A487054
B1ZYT3PF5,A487054
B1X114YN5,A487054
B1VKN9HD5,A487654
B18BDA5X5,A487654
B1Q9ZPL25,A487654
B1AM2TF75,A487654
B11P79XC5,A487654
B1FL1AM25,A487690
B1MZAARR5,A487690
B11FW14S5,A487690
B1MUWUMU5,A487690
B1GKSRPX5,A487690
B12W5JVJ5,A489080
B1MVJQ5S5,A489080
B1J42SZD5,A489080
B15NBC715,A489080
B14J8HN55,A489080
B1KFPL2W5,A489451
B1G8Q9V95,A489451
B14CB4U55,A489451
B14Q4SVF5,A489451
B1L2UYGR5,A489451
B1ZTE4EY5,A489833
B1CWYQ385,A489833
B1ZHKK815,A489833
B1Y2M11Y5,A489833
B1YEWXNS5,A489833
B1NHB7915,A490215
B15X21MT5,A490215
B1XGHCVS5,A490215
B1XBYKC75,A490215
B18BDA7G5,A490215
B1ABX8JW5,A491711
B1DS2H275,A491711
B1739DNN5,A491711
B1EYYR9U5,A491711
B1EPWDG95,A491711
B1ARMT5K5,A492908
B1VGUNSM5,A492908
B1HBLF2W5,A492908
B11GMKT35,A492908
B1BYYQ175,A492908
B1FP4CV85,A49411
B1DM5U8R5,A49411
B13DUN4C5,A49411
B19RUAYW5,A49411
B15A9YJB5,A49411
B1EJJDES5,A494433
B18GENPU5,A494433
B1BNDBEJ5,A494433
B1FJXBGM5,A494433
B14AE8D55,A494433
B1CEKZRN5,A494504
B11VXJDU5,A494504
B1PQ2HFK5,A494504
B1QPHFUQ5,A494504
B1LM21SM5,A494504
B17817K35,A49504
B1WK7GFR5,A49504
B1D511XR5,A49504
B1297S215,A49504
B1CLEG5U5,A49504
B1J7ZKLH5,A49946
B151WANQ5,A49946
B1T1XJE55,A49946
B15JEZTG5,A49946
B1X4TFTM5,A49946
B1G5YA9T5,A50
B1MUSZBZ5,A50
B1ZG22KL5,A50
B1HSAFEY5,A50
B18GK2CM5,A50
B1AJU17V5,A500291
B1ZNHTW35,A500291
B1V4PFEC5,A500291
B1JAGEEZ5,A500291
B1NHRE5K5,A500291
B1DU1F2F5,A501810
B1P5UKQZ5,A501810
B1DD2APJ5,A501810
B1KCJ5FV5,A501810
B14HWLBB5,A501810
B1KF8NMB5,A506396
B1U925PD5,A506396
B154ZJLW5,A506396
B1KLDX3Y5,A506396
B1QGNYQW5,A506396
B175LHWH5,A506763
B1FX9MZ35,A506763
B1GE3FTL5,A506763
B1Y4N2TM5,A506763
B19FBVQX5,A506763
B1PJYSBC5,A506765
B1QK5L2K5,A506765
B1FMFN9R5,A506765
B1QGZVBA5,A506765
B1TSS8J45,A506765
B1J4L7DK5,A506767
B14X8MMG5,A506767
B15V4AKF5,A506767
B1NYFHCA5,A506767
B1LZXGES5,A506767
B1K5SGKU5,A507860
B1QJZVPS5,A507860
B1NBNB2U5,A507860
B1J8NPTY5,A507860
B18PUQG75,A507860
B1ZNKBZ15,A507972
B1777KD75,A507972
B1MAVZVU5,A507972
B1EACZCH5,A507972
B1ECVH5Y5,A507972
B182FTMW5,A508965
B1D7J4XP5,A508965
B18UHLMA5,A508965
B1U8FC4L5,A508965
B15J5AT75,A508965
B149ZB9T5,A508967
B145Y4JA5,A508967
B11LST5V5,A508967
B15YTR825,A508967
B1E1GMY45,A508967
B1NV4ZGG5,A509371
B1LUXB5J5,A509371
B1KS4E4J5,A509371
B1DD2AEC5,A509371
B1EHZH1A5,A509371
B1UHCY7Y5,A509645
B1JA8WCR5,A509645
B1FWTQLA5,A509645
B14S3V175,A509645
B12MMQ7K5,A509645
B13JU59S5,A509651
B1CW9TRK5,A509651
B1MCCBQS5,A509651
B1LECL5R5,A509651
B1N28BLD5,A509651
B184K33C5,A510028
B17TF7SD5,A510028
B1WBWY5R5,A510028
B1RR5WP55,A510028
B17CTH8R5,A510028
B1FC9AAQ5,A510079
B15JDV875,A510079
B1C8W34L5,A510079
B1ZSZMJA5,A510079
B1XFRL3P5,A510079
B12QM2DD5,A51074
B1CRA4G15,A51074
B13C3A595,A51074
B1MJEPV55,A51074
B1AHUAV45,A51074
B1EUF9SD5,A511073
B1F3MCNZ5,A511073
B1P9FDW55,A511073
B18UGJ5G5,A511073
B1QLQEV75,A511073
B1MXBN9S5,A511168
B1FWNB5V5,A511168
B1UERL3Y5,A511168
B19XEQ8C5,A511168
B1CY1HE25,A511168
B1J27HUT5,A51282
B1PFWSNA5,A51282
B1ZQGNJ85,A51282
B1DA8YFW5,A51282
B1TXWLFF5,A51282
B1WWJDTX5,A512836
B1NJ2C4X5,A512836
B1NYSQ9A5,A512836
B19R43FX5,A512836
B1C1JHJP5,A512836
B1QACBU45,A514005
B1QCJMV95,A514005
B1MBNKJQ5,A514005
B1R11PMF5,A514005
B1144F5C5,A514005
B1SR5CEA5,A515531
B1R74HHK5,A515531
B122LY875,A515531
B1E3HUZH5,A515531
B1VBJ1RY5,A515531
B1JEM8UG5,A518190
B1BJZLC15,A518190
B1CP44L75,A518190
B15NL99U5,A518190
B1CBXRW15,A518190
B1K8SXPE5,A518195
B15MBWJT5,A518195
B1XGLNJJ5,A518195
B1XQLWJW5,A518195
B124JKNV5,A518195
B131Z5Q45,A519911
B1WSD95J5,A519911
B13BME2D5,A519911
B18C1R7L5,A519911
B1SW7X5B5,A519911
B1SC431H5,A520056
B15USY1A5,A520056
B1XRV82U5,A520056
B1KR18GX5,A520056
B12RMS885,A520056
B1QF998A5,A521890
B1SGG5HK5,A521890
B1JSLNWT5,A521890
B1TVLQUK5,A521890
B12RK59B5,A521890
B1AC5ZYB5,A522239
B1XW8C9A5,A522239
B185VUN35,A522239
B1DX4RTV5,A522239
B1Y8NW5K5,A522239
B14P7YWK5,A522557
B1SFUH5G5,A522557
B1F7AJ2X5,A522557
B191WW3M5,A522557
B1D1AZLU5,A522557
B1K4K1275,A5234
B1FKM8VJ5,A5234
B15NU9QP5,A5234
B1EPRJKR5,A5234
B1SZ21QE5,A5234
B14TFM7P5,A523479
B18SDBY85,A523479
B1AN9V7H5,A523479
B17D57AB5,A523479
B1PX97N75,A523479
B1MJLLBX5,A523793
B1QTHMNC5,A523793
B1HPFZYD5,A523793
B1NRHPNS5,A523793
B1YVR5CV5,A523793
B1VP998R5,A523798
B1XPYDMT5,A523798
B1HV49JE5,A523798
B1ZKCF2X5,A523798
B1KCGHC55,A523798
B1VN4PNJ5,A525574
B1QDVE3L5,A525574
B1QKRV575,A525574
B1J5KRHE5,A525574
B1ZRSKFM5,A525574
B1RW4ZG45,A527253
B1WKT7HW5,A527253
B1JZPF8C5,A527253
B1HMJPLF5,A527253
B1DXBR2R5,A527253
B1GM94A15,A528170
B182QVMK5,A528170
B1Y3Y28S5,A528170
B1CP39N25,A528170
B1Q2D5RF5,A528170
B1RDJS7T5,A530630
B131CEKP5,A530630
B1DPZDQD5,A530630
B1KJ2FFY5,A530630
B1YDLJPD5,A530630
B1FNA5YG5,A5310
B113RYKE5,A5310
B1FNELSS5,A5310
B1F9PTR15,A5310
B1L7CR955,A5310
B1SWTKRK5,A531758
B1B3D5435,A531758
B1JKAKE15,A531758
B1CY7D855,A531758
B14HQ13Z5,A531758
B1BZB7YQ5,A533845
B1THFHEB5,A533845
B1BEQNNN5,A533845
B1EWX3DL5,A533845
B1ZZCDB45,A533845
B1SN2VRU5,A533993
B1WKEFSG5,A533993
B1CBTNHT5,A533993
B1LC8F4Q5,A533993
B1MG7T415,A533993
B1MQEAZ55,A534101
B1P4TMMU5,A534101
B1CJ9DAA5,A534101
B1VSWQJX5,A534101
B1NYK2KZ5,A534101
B1L85A5L5,A534302
B1Y9QS4G5,A534302
B15TJ2SY5,A534302
B19Z88385,A534302
B1N4T2PG5,A534302
B1ZKSNPA5,A53697
B1GERHTX5,A53697
B1MPBK2Q5,A53697
B19DDXW85,A53697
B1PMQJ595,A53697
B199J12B5,A538713
B1J5JEX85,A538713
B13PHFQC5,A538713
B1TFFKJE5,A538713
B17T3FSA5,A538713
B1A5FSGG5,A539122
B1C2Y15V5,A539122
B1NFUW985,A539122
B1VDFAW75,A539122
B15U3UVF5,A539122
B135WNVT5,A54044
B1NZ2Q3C5,A54044
B1W18JSZ5,A54044
B1ERNL5K5,A54044
B1PPMMCH5,A54044
B1ZGMMRM5,A544491
B13UBKZN5,A544491
B14GXQ5Q5,A544491
B12UW55N5,A544491
B1D149J55,A544491
B12RQNTT5,A546227
B1YGY4FP5,A546227
B1A1HWK15,A546227
B1PSL9WA5,A546227
B1YPBQKL5,A546227
B19YZKL75,A547036
B1M1D5EN5,A547036
B13F82YP5,A547036
B1KJTUM75,A547036
B1Z1HUPJ5,A547036
B17RLNX15,A547181
B1PB3S1B5,A547181
B18EM4YY5,A547181
B1Z8VC9L5,A547181
B1CFAC4T5,A547181
B12PFMAD5,A549495
B13VYVKC5,A549495
B1PKXV5M5,A549495
B11PBD3C5,A549495
B1Y1PZ9D5,A549495
B1CRQD9L5,A551867
B1N4KTXD5,A551867
B1H3VR785,A551867
B15VK9VA5,A551867
B1E7XK7K5,A551867
B1JSDTE95,A551869
B1BMRYE15,A551869
B1HJT5JC5,A551869
B1YQ1MGX5,A551869
B15H8VF15,A551869
B1DV95YY5,A55364
B1CBZ4DY5,A55364
B1BGFZC15,A55364
B18LL4UQ5,A55364
B1HZ1DC55,A55364
B1QEURBP5,A553702
B1R7U1245,A553702
B1NVQQ395,A553702
B14C137V5,A553702
B1WQ9NAY5,A553702
B15A8HUW5,A55639
B152CY4S5,A55639
B1TAUJ5M5,A55639
B1BAJFDH5,A55639
B1PDDPKV5,A55639
B1RKPUNV5,A559099
B1RN5PYF5,A559099
B1R2H3Y35,A559099
B1KHYAJA5,A559099
B1D29SXV5,A559099
B1RDB5SS5,A559146
B182YXGU5,A559146
B1LBGAN55,A559146
B1Y3D4GU5,A559146
B1T3NJY95,A559146
B1ND49UY5,A560221
B1M211915,A560221
B1W9K3QD5,A560221
B1WB5T9Z5,A560221
B15ZNLEU5,A560221
B1LB9SDJ5,A56147
B1SEFUFC5,A56147
B14H5P325,A56147
B1X2VG5G5,A56147
B19A711H5,A56147
B1VJKNXX5,A56151
B1SU1A7Z5,A56151
B18U2NNS5,A56151
B15KEQAG5,A56151
B1FFSDT45,A56151
B1C4NXZW5,A562349
B1GSXSM95,A562349
B1AESM9X5,A562349
B1LU84T85,A562349
B1WAM3HD5,A562349
B1VLMCBC5,A562692
B1SXJZHG5,A562692
B1SBQZVJ5,A562692
B1FCYP1H5,A562692
B1RXW3FE5,A562692
B1QWTQDE5,A56613
B1Z7R7J25,A56613
B1VC5VU85,A56613
B1PVQVUW5,A56613
B12AU7LU5,A56613
B19BQXSQ5,A566986
B1ZNN8AT5,A566986
B1ZXT3QN5,A566986
B1ZP8SEM5,A566986
B1DZ28EN5,A566986
B1DQAA1T5,A567329
B1Z2BCR15,A567329
B1Y7QHFG5,A567329
B1QC9MES5,A567329
B1X3P8TR5,A567329
B1UHMAN25,A567867
B1RKG9T95,A567867
B1H1XWY45,A567867
B1RD1V1K5,A567867
B1FFZ3HM5,A567867
B12HM5M75,A567883
B1VSG7EZ5,A567883
B199ZD1V5,A567883
B1FXGUUY5,A567883
B1AAV3QU5,A567883
B1KHQUJL5,A569180
B1RQBEC85,A569180
B1GYDRKV5,A569180
B121S9XJ5,A569180
B1BSJLHM5,A569180
B13XF79B5,A573828
B1T3W4AX5,A573828
B1TNEFEL5,A573828
B1M1UTEB5,A573828
B1WC2TSE5,A573828
B1AFAL1B5,A575767
B15W5SQ35,A575767
B1PFU8JZ5,A575767
B158R4QA5,A575767
B1GHQ4DX5,A575767
B1UCA75F5,A57589
B1JARSKT5,A57589
B1RXK54H5,A57589
B12BL58S5,A57589
B1ZEEBA55,A57589
B12UQJ1Y5,A576939
B15PR22A5,A576939
B1H9LUYZ5,A576939
B1A5G1W35,A576939
B1YEPBBJ5,A576939
B1WVD9HA5,A577226
B1L3BMFE5,A577226
B1P1XZ7B5,A577226
B18CYLYM5,A577226
B1UN9JZ75,A577226
B1YK1ZD35,A57967
B1JGS7V25,A57967
B18M1ABY5,A57967
B1HB429U5,A57967
B1LSERKG5,A57967
B1KDVKAD5,A581774
B1X9DRYJ5,A581774
B1ERWQKJ5,A581774
B1ABN57U5,A581774
B1AWL4Z35,A581774
B1242HH75,A583557
B18874AW5,A583557
B1ZU2LBW5,A583557
B1QAZ5V95,A583557
B1SASA9E5,A583557
B1DAGV4A5,A588286
B1U4A1AD5,A588286
B1GBFRF25,A588286
B1BEE4DV5,A588286
B1TL3QKL5,A588286
B1KLUDXM5,A58873
B1BJ8BDV5,A58873
B1LKY75S5,A58873
B17TWKV55,A58873
B1CS5NRV5,A58873
B1T8DALY5,A589864
B1NLVKS35,A589864
B1TTVMTU5,A589864
B1LKYC7M5,A589864
B1YYMCVA5,A589864
B1V47CW25,A590278
B1ENM2AQ5,A590278
B1FYLNJ35,A590278
B1MW558J5,A590278
B1V7WJRL5,A590278
B1BKHZRE5,A590420
B1KZQRV25,A590420
B18EUMJA5,A590420
B1JQBB1G5,A590420
B1CWHHM15,A590420
B1D18YV45,A592397
B1A3KM1R5,A592397
B1TZ5DT55,A592397
B1FVP79J5,A592397
B1Y2NNDB5,A592397
B1XT99XW5,A59585
B1E7UMZE5,A59585
B1UJR28F5,A59585
B121JWHT5,A59585
B1YH235X5,A59585
B1GRQ7LZ5,A596719
B1VAPQUX5,A596719
B1KS2WG85,A596719
B1FKEY7H5,A596719
B1ZNKJ5Q5,A596719
B1WUEDR55,A597288
B1DMRP735,A597288
B1SNXN7P5,A597288
B1ZXVU3Z5,A597288
B1WQ4LWS5,A597288
B13BBP3F5,A59848
B1Z1YXP55,A59848
B11F3S3Q5,A59848
B1QGBKPQ5,A59848
B1HV237Y5,A59848
B172YEYW5,A599593
B1QBV2KR5,A599593
B11YMGGA5,A599593
B1YNNW4K5,A599593
B1JBW1JD5,A599593
B1GDUW1W5,A599754
B1ALPXYJ5,A599754
B153DDUN5,A599754
B1ZUVBGZ5,A599754
B1PNNDRC5,A599754
B1ALYYY15,A599759
B1PABY9K5,A599759
B17QXHJP5,A599759
B1MZELBF5,A599759
B1ZM42L55,A599759
B1B4N2WG5,A60197
B1RQXQTC5,A60197
B1WGWS1Y5,A60197
B15ANHWV5,A60197
B15X3E2D5,A60197
B1CSRTM45,A603057
B15W98425,A603057
B12NRC385,A603057
B1NHS8HU5,A603057
B1NE1ZDM5,A603057
B1NZ3Z3K5,A606216
B1YB7TQY5,A606216
B1S7TEEZ5,A606216
B13TTAYT5,A606216
B1YYFZZ25,A606216
B1Z8YZQL5,A608087
B13R5GXH5,A608087
B1K3NU255,A608087
B1HZRXQM5,A608087
B1B8FP595,A608087
B1YF3EE85,A611913
B1JYFDN45,A611913
B15UDZMF5,A611913
B1WLZSAG5,A611913
B1DL85BN5,A611913
B11XG4335,A612547
B1LG9ZAR5,A612547
B128FXJ25,A612547
B1E9MGYY5,A612547
B1T4MPHG5,A612547
B1GB7TMS5,A61276
B19ZX5M35,A61276
B1CYAQRE5,A61276
B1LLXQ1W5,A61276
B1SENYE35,A61276
B1SNH5F55,A61366
B15Z34F45,A61366
B1PYH7SL5,A61366
B1FZ8A4J5,A61366
B134MCTN5,A61366
B1UTE5945,A614206
B1VUXLHV5,A614206
B1Q9FSJ85,A614206
B1NDEHEV5,A614206
B1FYEH5A5,A614206
B17C59295,A616491
B1KW8PPR5,A616491
B1ABY4DY5,A616491
B1GML5AQ5,A616491
B19T8BQ85,A616491
B1D9ZVV45,A617721
B1GQRXS25,A617721
B12KMGBA5,A617721
B19ZDMAM5,A617721
B1A94PEW5,A617721
B1J3WPWJ5,A6181
B1NTLDFK5,A6181
B1U4KUE25,A6181
B15YRFV35,A6181
B1YDNR1X5,A6181
B1DZCDSK5,A618820
B1A2EXWL5,A618820
B12BMA9H5,A618820
B1W8HHYW5,A618820
B1WRBQ7E5,A618820
B1JVAWP85,A61909
B132EATH5,A61909
B1E5MT315,A61909
B1FJBBF25,A61909
B139QMC25,A61909
B1G2ZDPR5,A619148
B1YHKKQM5,A619148
B1YE4HQD5,A619148
B14139N35,A619148
B1TB5MQV5,A619148
B191N4S75,A619378
B1P9MR9N5,A619378
B1JVNNL55,A619378
B1HPRCVL5,A619378
B1T39LGJ5,A619378
B1YQZJFT5,A621803
B1TBBDUK5,A621803
B14ZBSSP5,A621803
B1ZPLWCU5,A621803
B1PKVHZH5,A621803
B14DZB4G5,A62272
B1XQRVKC5,A62272
B1MY3CNL5,A62272
B1TZ3YYH5,A62272
B1GQKGC45,A62272
B1WKUDZJ5,A624765
B1XW58JM5,A624765
B12HQUJ45,A624765
B1A7BQWH5,A624765
B13445W75,A624765
B1KW1BA55,A625544
B1178N9H5,A625544
B1TWTFAY5,A625544
B1LRDXJH5,A625544
B15TPG715,A625544
B1SQQPEQ5,A627540
B1V9R9AF5,A627540
B1TTWB4T5,A627540
B12ECLZR5,A627540
B1L3BFUB5,A627540
B1AGQAKY5,A629
B1ND39VG5,A629
B14TMUM25,A629
B1N9KU7N5,A629
B11VBBUD5,A629
B13B5XEH5,A63017
B1BGG2MP5,A63017
B1N811E75,A63017
B11MY9EL5,A63017
B1MU8VK45,A63017
B1N7G38Z5,A633007
B1WRU7PQ5,A633007
B13C97YS5,A633007
B1MSCQJ55,A633007
B17UKHDV5,A633007
B14NF5FH5,A633188
B1E5GDQM5,A633188
B11YUZG85,A633188
B1XQ8NAW5,A633188
B1VZSYA45,A633188
B1B3Z2WJ5,A634514
B188GJYR5,A634514
B1JB2HHD5,A634514
B1WUMZEH5,A634514
B1DU9Q1X5,A634514
B1QC7QPJ5,A637347
B1MJ2RT35,A637347
B1SUN5XP5,A637347
B1YDMMFJ5,A637347
B1PYTKQT5,A637347
B1BKQG5U5,A637770
B1AAKLG15,A637770
B1PR9MNM5,A637770
B1H8WQEU5,A637770
B1D3FYLK5,A637770
B1W9FZ8R5,A643928
B19ZCRDH5,A643928
B1QQCECS5,A643928
B1RJQ9ND5,A643928
B15LD4XC5,A643928
B1HSN2VF5,A6484
B1UPGMU95,A6484
B1RGRLEM5,A6484
B1S49GK35,A6484
B1TB3QG85,A6484
B191H95G5,A653899
B13RALSQ5,A653899
B1W3WN3P5,A653899
B1TR93M95,A653899
B1WK21MJ5,A653899
B15PNPRR5,A655038
B1CAWR3M5,A655038
B1XL871H5,A655038
B1J5KLHQ5,A655038
B192TGPV5,A655038
B1RRCANT5,A655146
B1KBM3T75,A655146
B1PXPUAC5,A655146
B123JDGB5,A655146
B17JB1ES5,A655146
B1DMZUJD5,A655323
B1Z9BEKB5,A655323
B1N3XT9F5,A655323
B19RXRRT5,A655323
B1P1U5MW5,A655323
B1SF5AEX5,A655659
B1CSPLEV5,A655659
B1ECNB7A5,A655659
B1FG3APP5,A655659
B1VPWGKB5,A655659
B12TFSK15,A656
B1V8WRKE5,A656
B1ZRALLG5,A656
B1DP2MVX5,A656
B1JQN4GT5,A656
B12AHNXR5,A65646
B1SLW44R5,A65646
B112MP935,A65646
B1XWWVKC5,A65646
B1P5A7EB5,A65646
B1HDU2ZV5,A6581
B1JDPLLL5,A6581
B1SLJZ745,A6581
B1GVPTF25,A6581
B1PC4RHC5,A6581
B1WNEMME5,A660679
B1BHXDZ15,A660679
B1Z4W7QR5,A660679
B1KG1SV35,A660679
B1FCVEWD5,A660679
B1H78HEL5,A665189
B13ZB5KC5,A665189
B194DEKL5,A665189
B1ARDMYW5,A665189
B1U9VCE85,A665189
B1EZ4SXH5,A66565
B1HGX9AH5,A66565
B1HEBVXH5,A66565
B1SZYFG15,A66565
B12SXWZ55,A66565
B1YGM3QR5,A66573
B14FDL285,A66573
B1C7KGMR5,A66573
B1JKPKG35,A66573
B12DHB7U5,A66573
B1TNW3T35,A666
B12PEGXA5,A666
B1WEGJE55,A666
B1T4CLJ25,A666
B1UZUFYX5,A666
B1KKZ4NU5,A666178
B1GTPHDZ5,A666178
B1F57RFW5,A666178
B1GUEAKH5,A666178
B1LCFVYS5,A666178
B1RYX32K5,A668371
B12YNTK85,A668371
B1X487UX5,A668371
B1VG4EHK5,A668371
B1H2LWZF5,A668371
B1CNMRUE5,A672072
B17K9LWV5,A672072
B1JGFL855,A672072
B1GWSTPS5,A672072
B1N19JYM5,A672072
B1DM1MM15,A67234
B1PZ7AMX5,A67234
B1T27SXY5,A67234
B1YY92QB5,A67234
B1U9ZM185,A67234
B1CBC5QB5,A673110
B1L3Z1PX5,A673110
B125N4S45,A673110
B14EL3935,A673110
B1RCEPGC5,A673110
B19W7WT35,A673579
B191LP945,A673579
B1SCNZ3B5,A673579
B11Y3EDY5,A673579
B11VKZSU5,A673579
B1NC4DW15,A674090
B1VJ4DRX5,A674090
B141G8ZZ5,A674090
B1D9KGKH5,A674090
B1XUGANF5,A674090
B1WMFN335,A674093
B1ALLE8G5,A674093
B19RF4QM5,A674093
B1YQ72875,A674093
B1Q957QD5,A674093
B1RFRQ7Y5,A675
B1R1GDFC5,A675
B18AFSLN5,A675
B12HT2K25,A675
B19UYP935,A675
B15K1M2Q5,A67739
B1BH4YEW5,A67739
B12MWF9N5,A67739
B1CHHRKC5,A67739
B1QNGJQ85,A67739
B191TZLA5,A67742
B1TU137Q5,A67742
B1SFH3KN5,A67742
B1NB5PKE5,A67742
B1A5DJ8V5,A67742
B14R2Z1H5,A67774
B1FKQQ315,A67774
B17D513B5,A67774
B1FF45YL5,A67774
B1EUCU4L5,A67774
B1QRV1825,A679652
B1B7P7U15,A679652
B14KHED15,A679652
B1RHYKR25,A679652
B1AKJUPU5,A679652
B1Y9JHLW5,A685114
B1A1L73G5,A685114
B1Y7EARR5,A685114
B1XCU3WG5,A685114
B1ZHCFM25,A685114
B1TQR3SS5,A686823
B1YS3UCK5,A686823
B1TDYXSN5,A686823
B1SX9ZWY5,A686823
B13CNP3S5,A686823
B17UKNGJ5,A687923
B1VUGVA85,A687923
B17ASV995,A687923
B1BUGNPP5,A687923
B1XGZJWY5,A687923
B1Z1QSSE5,A688171
B1Z2Z2SF5,A688171
B1DQ1YFG5,A688171
B1SD8ESL5,A688171
B1QUWGWQ5,A688171
B1FC454R5,A692
B1NAD7F25,A692
B1HZ2HL15,A692
B1WMSNUW5,A692
B17NQJDZ5,A692
B1EMWQGT5,A6960
B141DTY45,A6960
B1WYCZZ15,A6960
B1P1LYVU5,A6960
B13K8VY45,A6960
B15ETV9V5,A696110
B11X18XY5,A696110
B1D2TGHN5,A696110
B1JY5MZM5,A696110
B1KU52WK5,A696110
B1278ZH45,A697942
B17P1AV55,A697942
B1B1NEZL5,A697942
B1YL2HC55,A697942
B1YQSA8G5,A697942
B1LJQ88Y5,A698811
B1BZE2T35,A698811
B1PR3BCG5,A698811
B1WHS4QL5,A698811
B1N3CV8D5,A698811
B1X37T355,A699204
B1W2EYDQ5,A699204
B1VSPH9X5,A699204
B1F54VUD5,A699204
B1Z3B8N35,A699204
B1DLXKDB5,A699298
B1T9L3JT5,A699298
B1RGW73G5,A699298
B1UNFNA95,A699298
B1AB1ZM15,A699298
B1XE1KNJ5,A70073
B1J8TQC75,A70073
B1F9BL2M5,A70073
B1UBSQZK5,A70073
B1VVMBSP5,A70073
B1DJ4FWD5,A706744
B15S42GK5,A706744
B1ACGRHW5,A706744
B1AA83T75,A706744
B1WV2KK85,A706744
B13C2TFE5,A706749
B1FVWTFG5,A706749
B1NJAS3U5,A706749
B1FJNB5K5,A706749
B1ZYCKUQ5,A706749
B1P9PQXE5,A706872
B15ZJHYG5,A706872
B18E1G2D5,A706872
B1SL5LQ85,A706872
B1KD9HDU5,A706872
B13LC4J35,A707278
B13TZ1MC5,A707278
B1XWW88W5,A707278
B1KVPGPZ5,A707278
B12PW1W95,A707278
B1MQVFDY5,A7075
B1R44VTC5,A7075
B1LUG9SS5,A7075
B12MPR415,A7075
B13ME3ZT5,A7075
B1BC9U785,A708325
B1QZXPXH5,A708325
B1G5N2U15,A708325
B1GAGFEN5,A708325
B1JHW8195,A708325
B1NH38L85,A70943
B1XW1N5H5,A70943
B1AVF29E5,A70943
B1NNTJJP5,A70943
B1T12KFN5,A70943
B13YH7DS5,A70987
B1VYYGLT5,A70987
B18QWT925,A70987
B1N5U4W55,A70987
B14A94QW5,A70987
B1JTJEUG5,A711381
B1MMBTDL5,A711381
B1KV32AD5,A711381
B1RQBMZC5,A711381
B1DEHD1R5,A711381
B1825QN25,A711816
B12QL12W5,A711816
B1DZRKZN5,A711816
B1ZDA71J5,A711816
B1CZ3WG25,A711816
B1G8VJU85,A715128
B19HMPR25,A715128
B15WVKS75,A715128
B1YBHQ3Z5,A715128
B1GEU8TK5,A715128
B1Y39RC15,A71521
B1BT1DWQ5,A71521
B172JV1V5,A71521
B1B772U85,A71521
B1VFP2VC5,A71521
B1QKM5V55,A715431
B1W5ZGG85,A715431
B1WGLEYU5,A715431
B1XBFNU15,A715431
B17KG4YY5,A715431
B147NNPG5,A715920
B11C4JY95,A715920
B1HTBW8Q5,A715920
B19G3V435,A715920
B1CT9DYH5,A715920
B1NQYBQN5,A720817
B1M5CAPK5,A720817
B1VHA9KV5,A720817
B1UDNV8C5,A720817
B115BZBP5,A720817
B1FRWTK55,A721729
B1W1Z4T35,A721729
B1171ES95,A721729
B1D99NC45,A721729
B15SZTJU5,A721729
B18VMSJB5,A72299
B1VCXY3N5,A72299
B1VXDYTJ5,A72299
B1TV1V755,A72299
B1BLFHYJ5,A72299
B1L4SYVP5,A727353
B1UXG2X75,A727353
B1DKRMJA5,A727353
B1M1LJJR5,A727353
B1L788945,A727353
B1GBRPVH5,A727448
B1S43STQ5,A727448
B1QNP79A5,A727448
B173H7H85,A727448
B1RNHFZZ5,A727448
B1HEGRJL5,A730614
B1V4G3S45,A730614
B135GQ7Y5,A730614
B1LJNHCH5,A730614
B1XD3YV35,A730614
B19NKQ2M5,A73133
B1P2KSGK5,A73133
B1MZLMYD5,A73133
B1TVQGFK5,A73133
B1HHBUMZ5,A73133
B1RSCDCV5,A733183
B12J3S935,A733183
B1YHP4CV5,A733183
B19KV8GB5,A733183
B1MW8HNY5,A733183
B184JXFA5,A734347
B1YM2JVL5,A734347
B1B83L8Q5,A734347
B173KCTM5,A734347
B1WTAE2F5,A734347
B1MVT7YY5,A737138
B15A3QNQ5,A737138
B15LNSN75,A737138
B1LDVHPW5,A737138
B17MUNT55,A737138
B1ADXADH5,A741170
B19A8GAM5,A741170
B1CZ7SCH5,A741170
B1UUDA8Q5,A741170
B1EH94LE5,A741170
B173XXL25,A745353
B12LFGS95,A745353
B14LESLB5,A745353
B1R11JU15,A745353
B1JDE15V5,A745353
B1MFQKGX5,A745520
B13H95YY5,A745520
B11NTHQE5,A745520
B1J3RKGL5,A745520
B1GUXRLA5,A745520
B1MV3CQU5,A745619
B1GHN4HN5,A745619
B1QGNX735,A745619
B1WC2W8L5,A745619
B1DNLNZB5,A745619
B1XE83Z45,A746183
B1YDHBFZ5,A746183
B1757GGA5,A746183
B1XV9RC45,A746183
B1REDD1A5,A746183
B15LKTRL5,A747549
B1FZKESU5,A747549
B1UJAEE55,A747549
B1ELY9YH5,A747549
B1GHS2ED5,A747549
B154A3CK5,A747836
B1S4AFGE5,A747836
B1VMCT1N5,A747836
B15MC25A5,A747836
B1W5PAX45,A747836
B1SBN1KS5,A752870
B1LDNAGZ5,A752870
B1FW57P45,A752870
B1Y28CSC5,A752870
B1VSDHFN5,A752870
B1UE3S3A5,A757688
B1AK35P55,A757688
B1GSNPZC5,A757688
B1KBYGTY5,A757688
B15NSMU35,A757688
B1S9P9S45,A757691
B1TLTWGN5,A757691
B1PHY87X5,A757691
B1P7GH5G5,A757691
B133MBRD5,A757691
B1C7QX8G5,A762307
B1ADZ7BE5,A762307
B1LVHGES5,A762307
B1JVRSS85,A762307
B177QN5J5,A762307
B1UV9JFM5,A763765
B1GFAQE45,A763765
B1ARJQMD5,A763765
B1J9S7MY5,A763765
B1M8B8HB5,A763765
B1CFKGMD5,A764077
B11ENYHM5,A764077
B1BNVDBU5,A764077
B12CAZ5W5,A764077
B1KW4BXK5,A764077
B19QY8SN5,A764111
B1S9DRB15,A764111
B17ZYAKB5,A764111
B1PYPEM25,A764111
B1B5X3T45,A764111
B1RE8L4G5,A764855
B17HGZ875,A764855
B14X49NB5,A764855
B1WN7HBF5,A764855
B1QZZ3MM5,A764855
B12U91A75,A768711
B145APGD5,A768711
B1GYL5L15,A768711
B1HGCGJ55,A768711
B1QZPZGA5,A768711
B1XDF1GX5,A769175
B1DQLV9W5,A769175
B1U5NSMK5,A769175
B1A4Y9XS5,A769175
B1RXC8KV5,A769175
B11UE9DW5,A774128
B1XTRBUG5,A774128
B1YRZRBB5,A774128
B15EVNGP5,A774128
B14B7HHX5,A774128
B1REVH7L5,A775684
B1LW9GB75,A775684
B1782L2N5,A775684
B1B8EE8S5,A775684
B1ZVAVPA5,A775684
B1EJM2MJ5,A775685
B1VA1K7Z5,A775685
B1L94SCU5,A775685
B113VG7A5,A775685
B133PK9Y5,A775685
B1J8AZJX5,A775695
B12CGD7K5,A775695
B1WZ7NXL5,A775695
B1RPZWBV5,A775695
B197TNRB5,A775695
B17ZLPKU5,A775858
B1P2411S5,A775858
B1JJB18H5,A775858
B1GGEKP85,A775858
B1YS9JPY5,A775858
B1Q1PNF75,A776104
B15NCPZH5,A776104
B1945BJV5,A776104
B1LF1BRQ5,A776104
B1PAEU1K5,A776104
B1YRFK3T5,A777362
B1KLB7EG5,A777362
B1UPVK4L5,A777362
B1TFVHQG5,A777362
B1WRQK5S5,A777362
B1FQGXE35,A777383
B1KV9QML5,A777383
B1AUSHWH5,A777383
B1UK1K225,A777383
B111Y9NE5,A777383
B1K83P835,A777644
B17BMKNV5,A777644
B1KKDE8D5,A777644
B14E5EKJ5,A777644
B1RSW4XJ5,A777644
B1JCR8JW5,A777891
B14T8CQ45,A777891
B15GKKLD5,A777891
B142B3PN5,A777891
B1MTRXTY5,A777891
B1PKXXFF5,A777920
B1R72C5Z5,A777920
B1M93DVQ5,A777920
B1PUG25A5,A777920
B144RYU45,A777920
B1BRUY9A5,A777999
B118F98W5,A777999
B1M7Y89D5,A777999
B1NZGX7L5,A777999
B1CNTVUY5,A777999
B1S4HH7L5,A778046
B1FJQKA25,A778046
B1WWZEH55,A778046
B14GWUVL5,A778046
B1QVL8PG5,A778046
B1ZL8KM55,A778535
B1B9JKLG5,A778535
B13YAHBG5,A778535
B1DSSQ5V5,A778535
B1W4PYNQ5,A778535
B1R89Z3F5,A780183
B1W5X1QY5,A780183
B1QR3DZQ5,A780183
B1BQP27C5,A780183
B1XJWWKD5,A780183
B13WHNNT5,A780186
B1BUY3W45,A780186
B1MYZU385,A780186
B13WR1EA5,A780186
B158RSW45,A780186
B1DERDVC5,A781291
B1158GD75,A781291
B1UQR4Z55,A781291
B1HJMRR45,A781291
B1E9RAH45,A781291
B1UKECAM5,A785235
B1QCV9LK5,A785235
B1413P5Q5,A785235
B1AFUCBQ5,A785235
B15BY71H5,A785235
B1UH9UKG5,A786008
B159DSTH5,A786008
B1ZWR82P5,A786008
B1LXVDND5,A786008
B1G2ZUFT5,A786008
B15M2F355,A786014
B19ZCC9B5,A786014
B17ZAXHF5,A786014
B1QN7FNB5,A786014
B1T1U8D85,A786014
B13SRWVP5,A786525
B1T4UPPC5,A786525
B1TL1WQL5,A786525
B1HBWQ2M5,A786525
B1K44FZU5,A786525
B1AWZVAY5,A787007
B1BCQV845,A787007
B14GCWPF5,A787007
B1FJZ98A5,A787007
B13J32YB5,A787007
B15YJCXL5,A788084
B1SUXKG55,A788084
B1J8HYAQ5,A788084
B13SCP985,A788084
B1JZ5WT45,A788084
B1DDHF3Q5,A788446
B1EDQ8LA5,A788446
B1HYBZUB5,A788446
B1RDEBA55,A788446
B12DFULL5,A788446
B1NPALJL5,A790837
B1M3CZD95,A790837
B1ZWPXR35,A790837
B1QW8UFN5,A790837
B1845Y7G5,A790837
B1VU7YDM5,A791827
B1MGMCVN5,A791827
B1FKNFVK5,A791827
B17B7UXM5,A791827
B1X893MT5,A791827
B1HQ55CK5,A794180
B14KLKFY5,A794180
B1VWRP2Y5,A794180
B1ERDELM5,A794180
B1B2RERZ5,A794180
B1P4ADCN5,A795990
B1D45XH75,A795990
B1XT2TUM5,A795990
B1RUKE7W5,A795990
B1M4JWTK5,A795990
B1AEKXMD5,A796025
B1VGLYFQ5,A796025
B1JLSVSM5,A796025
B11K91V85,A796025
B173TGTA5,A796025
B1KCU8DT5,A796123
B1HSP9RG5,A796123
B1EFS4UX5,A796123
B1MW4N5C5,A796123
B1JMQHVJ5,A796123
B1CCW7EH5,A796142
B1EBMEUX5,A796142
B14UNAMH5,A796142
B1ABY7425,A796142
B179NU2R5,A796142
B1SG3UNM5,A796342
B1BCJ2MU5,A796342
B1NUA3QY5,A796342
B143XGE35,A796342
B1WSEKSK5,A796342
B1FQPF115,A796416
B12XP1EE5,A796416
B1MPS1885,A796416
B15PTC4T5,A796416
B1XLRAH75,A796416
B1N4UJ755,A796942
B1FAJA2W5,A796942
B1J8VE5V5,A796942
B1HA1A7J5,A796942
B14WXLDN5,A796942
B1S49JHR5,A796976
B1F1PN2W5,A796976
B1WZMDSR5,A796976
B1YGCT575,A796976
B1UD5RHQ5,A796976
B1BDT4ML5,A797123
B1EMSPBM5,A797123
B11WCC3E5,A797123
B1E1EYB85,A797123
B1MRUND85,A797123
B1BZ5VYW5,A797134
B12J2UVW5,A797134
B1YTRX3W5,A797134
B1ZRH3TZ5,A797134
B1H34N7W5,A797134
B17FE2PR5,A79804
B1WU5A1D5,A79804
B1H4KKYN5,A79804
B1NPRJVX5,A79804
B172MWCX5,A79804
B1TSA4YV5,A798467
B14WBXX25,A798467
B1SCAQA25,A798467
B1MVG58E5,A798467
B1LHH1DH5,A798467
B1EWPNYX5,A798573
B1VVBY3M5,A798573
B1ZCPCWF5,A798573
B1YGTHHC5,A798573
B17XFEVJ5,A798573
B1LWJZHE5,A798762
B1D14LUT5,A798762
B1WAGKDG5,A798762
B13VE27U5,A798762
B1KUFYWE5,A798762
B1YRHAHY5,A799700
B12MSVU85,A799700
B1HVJEDD5,A799700
B1NBBSNB5,A799700
B13SU8CC5,A799700
B1B9LDX55,A800524
B1XLS4185,A800524
B14P51TG5,A800524
B1ACFU575,A800524
B11AZY8Z5,A800524
B15CPD7J5,A800536
B1J7BAY85,A800536
B12X9H1A5,A800536
B1QLKBLP5,A800536
B11SSZXV5,A800536
B17WDDRT5,A802007
B1R3RBRZ5,A802007
B1TM99QZ5,A802007
B1N3GNZ85,A802007
B1AKYNVP5,A802007
B1AMYVWE5,A803080
B15ZKKT15,A803080
B1QMBGNU5,A803080
B1XPZG5T5,A803080
B1ZTV1EK5,A803080
B14PSALB5,A804557
B1DVYEP75,A804557
B1AJ3RPG5,A804557
B1UNQMLG5,A804557
B1JB79VW5,A804557
B1AJ7VMF5,A805552
B11Z11C15,A805552
B1QUAWGA5,A805552
B1RH399J5,A805552
B1BGGNTN5,A805552
B1QBEVBB5,A806784
B1NR9E875,A806784
B1GQUEGD5,A806784
B1RGNLK75,A806784
B1N5Z78F5,A806784
B1Z9EQ475,A806834
B1QAMHPF5,A806834
B1G9Q4PD5,A806834
B18FRTVR5,A806834
B1XGC7145,A806834
B1872L8R5,A80700
B12G5TA25,A80700
B18JDVHT5,A80700
B17SFXTV5,A80700
B1JL8LPQ5,A80700
B1X9KTW15,A807504
B1VBKFVV5,A807504
B19GELFT5,A807504
B1E5EZCW5,A807504
B1DCYCKL5,A807504
B1YDKSVS5,A807515
B1GEWHFE5,A807515
B1DD5QQG5,A807515
B1GU5DDT5,A807515
B1MTV5885,A807515
B1FRNZJK5,A807518
B1F2X9HS5,A807518
B1GCY2BW5,A807518
B1CQ9HAZ5,A807518
B1YMCAUU5,A807518
B1V7UEL25,A807538
B1GHQLDL5,A807538
B17YX3JB5,A807538
B1AY17P85,A807538
B1CDE4DT5,A807538
B1HGFHY25,A807587
B11J42TR5,A807587
B1GNJTFE5,A807587
B1NJKGMV5,A807587
B1YYJTNB5,A807587
B1ESW58H5,A807734
B1TN4Y8T5,A807734
B1XHYKBV5,A807734
B1LGF57G5,A807734
B1CSFFW85,A807734
B1SBDRES5,A807959
B1XYYQN45,A807959
B1R588LV5,A807959
B1ZV29LF5,A807959
B1NR3VC85,A807959
B1Y2SGCM5,A810241
B1CDE7DV5,A810241
B1NH29UH5,A810241
B1EZVE9H5,A810241
B11VSDMW5,A810241
B19KM8CM5,A811275
B1HSY7KH5,A811275
B189NRY15,A811275
B125TE8Y5,A811275
B1YS4D3N5,A811275
B19AJFA25,A812976
B1YW2AHA5,A812976
B14LN7BS5,A812976
B172YBLJ5,A812976
B1N21RNW5,A812976
B1KKWRY95,A814261
B17EJJX35,A814261
B1CPQR3J5,A814261
B1F9J7DT5,A814261
B1H1QVPD5,A814261
B18JG5BF5,A814689
B11BJBU55,A814689
B1HG4DRT5,A814689
B1BLXGX85,A814689
B1Z21KWN5,A814689
B1YGB5PJ5,A814791
B1MCREH95,A814791
B11TA37M5,A814791
B1WDBBGE5,A814791
B1MSJY375,A814791
B189TUQZ5,A815062
B15PTSEZ5,A815062
B1WC9TJK5,A815062
B1VCTBFB5,A815062
B17XFUYH5,A815062
B1VA4LM35,A816819
B1ZX83145,A816819
B1K4XCFH5,A816819
B1NBXAYN5,A816819
B1DXKDBA5,A816819
B1KLD3Y45,A817448
B19FUC3N5,A817448
B1GVZQKP5,A817448
B1DRZCUL5,A817448
B1ALJ5UT5,A817448
B1VMM9B35,A819022
B1K2SBNU5,A819022
B14WCU5K5,A819022
B13342Z25,A819022
B1VJ88KJ5,A819022
B1HZNN1A5,A819181
B134FKZV5,A819181
B1PPGQRU5,A819181
B1VBB31T5,A819181
B1BR51QQ5,A819181
B1MA5B8Y5,A819271
B11DTUY95,A819271
B1NFC7B45,A819271
B1E2RW3G5,A819271
B1FVGQTG5,A819271
B1BH72CW5,A819573
B1Z3NAN95,A819573
B1JGH7LW5,A819573
B15TP5SC5,A819573
B198G72A5,A819573
B1YYZR2E5,A822256
B1T1SYPF5,A822256
B1SKLZXW5,A822256
B1T7EF315,A822256
B1UCWE1X5,A822256
B1AQP4QE5,A825252
B114XYBE5,A825252
B1KWMR2U5,A825252
B1T4V3KC5,A825252
B1E1L3DA5,A825252
B1M4NKKD5,A825404
B18D4Y3U5,A825404
B1183ZX35,A825404
B1ZJW4XR5,A825404
B1SP1G2D5,A825404
B1L5E1AL5,A827134
B11RYECB5,A827134
B1UQPH815,A827134
B13SD79T5,A827134
B17F1WMP5,A827134
B1DVA7WH5,A828835
B1AHR31C5,A828835
B19US3CQ5,A828835
B15UPZPU5,A828835
B12C5J1E5,A828835
B1WJ15EK5,A829066
B1BSDWVA5,A829066
B1JAEZHM5,A829066
B1TDZFXC5,A829066
B1QBRDUN5,A829066
B1UV4ZVZ5,A829250
B1JF7VC95,A829250
B11HUH2F5,A829250
B1F8TQCL5,A829250
B1YT2HYW5,A829250
B1WZXMYP5,A829564
B19WY9125,A829564
B1KD8EKT5,A829564
B1A4UCHK5,A829564
B1RF8XEC5,A829564
B1LNSWNP5,A830038
B17CTCX55,A830038
B1JM13HC5,A830038
B177VENR5,A830038
B13QD8XX5,A830038
B1C3HVKW5,A830240
B12QGKMD5,A830240
B1ZPT1SB5,A830240
B1K7Z9G35,A830240
B1MH9NWL5,A830240
B1RB7EE95,A831005
B1LCDGR15,A831005
B1ZHP71C5,A831005
B15VKBQ25,A831005
B1XN41SU5,A831005
B1BFKGMF5,A831038
B1Y1WTTT5,A831038
B1CLQD1S5,A831038
B1FTZC5J5,A831038
B1ZJX9ZD5,A831038
B17GKYAB5,A831088
B1DJZTNH5,A831088
B11KBU7H5,A831088
B1PL3BZ15,A831088
B13WXDQ45,A831088
B1UVQE2K5,A831331
B18HSJYS5,A831331
B1HWTZ4N5,A831331
B1PT8XL25,A831331
B17EYC495,A831331
B1URDXMP5,A831407
B1327Q985,A831407
B1A7RRX85,A831407
B1ACDNXG5,A831407
B1LKRW5C5,A831407
B1LCXNZT5,A831663
B1CBR2UD5,A831663
B1ZKB4ZX5,A831663
B17NUKQE5,A831663
B1U8JPFJ5,A831663
B1WYGRH55,A832356
B1LT4QV75,A832356
B1NA85ZC5,A832356
B1NMNT3H5,A832356
B1MX5NCH5,A832356
B1ATYPDX5,A832471
B1L2GAVP5,A832471
B1TUJMZK5,A832471
B1EH8TNN5,A832471
B1ABPP3D5,A832471
B1BT3G745,A832483
B1ZFQJ5K5,A832483
B1XJ87FG5,A832483
B1EV34HJ5,A832483
B1GS94QM5,A832483
B1EYVTWD5,A832857
B1DWTDNS5,A832857
B1HWP4EQ5,A832857
B17C53DP5,A832857
B1GWPMPS5,A832857
B1VWQL9J5,A832858
B17WQND95,A832858
B1SMATJE5,A832858
B184PYV25,A832858
B12BW1EC5,A832858
B1F2QNFJ5,A833598
B13CHFX45,A833598
B15THHWP5,A833598
B1BD29KE5,A833598
B12SR5W45,A833598
B1VGE2TD5,A834467
B1NPFK1X5,A834467
B1FGK2EN5,A834467
B1KY2FMQ5,A834467
B1VMD3D85,A834467
B1S2RFM25,A834614
B1VKZYXH5,A834614
B137ENZC5,A834614
B1MGTJZR5,A834614
B117J7RE5,A834614
B12GLHVJ5,A834721
B1KBB5Q35,A834721
B1NMXDVF5,A834721
B12GJ8U45,A834721
B1CXRNLJ5,A834721
B1CQPBYS5,A8349
B14QE8S55,A8349
B12WKGYC5,A8349
B1SE5HD75,A8349
B11FKJ8K5,A8349
B1VZF4995,A835297
B1B957NA5,A835297
B1V8FFC15,A835297
B1YSEVD95,A835297
B1555UHJ5,A835297
B1HQA1UQ5,A835300
B1R8GQQD5,A835300
B1CG47MC5,A835300
B1CTGAEH5,A835300
B1L9N28N5,A835300
B1GVFS355,A835305
B1Y2LCHQ5,A835305
B1E97W4U5,A835305
B11CUWZ35,A835305
B185XRYT5,A835305
B1Y1FLWL5,A835511
B1CXQ4J55,A835511
B1ETZVBQ5,A835511
B1HMFFR25,A835511
B1DYWF4G5,A835511
B1SHD8DZ5,A835948
B1LTYVX25,A835948
B1N8J9HV5,A835948
B14GPLUY5,A835948
B1TAKYLM5,A835948
B1TLDW7X5,A835951
B1DS2NC25,A835951
B1UYPA3J5,A835951
B153HHS25,A835951
B1PEF3LR5,A835951
B1CVVMC55,A835956
B14QTC545,A835956
B1WM9FRM5,A835956
B11D5QJ75,A835956
B17QV2BN5,A835956
B11FHKSQ5,A836067
B1E92XJQ5,A836067
B1NWAXH95,A836067
B1YQ8D3W5,A836067
B1AMSVZP5,A836067
B1RNEUVY5,A836278
B1QTWTTS5,A836278
B1FHAXFQ5,A836278
B1XL3NZV5,A836278
B1FAWUCS5,A836278
B1TSY9DV5,A836775
B1HXGLDU5,A836775
B1GMNT4D5,A836775
B1LBZXLB5,A836775
B1AR2VSM5,A836775
B1UHP79H5,A837440
B1WUSJVN5,A837440
B1JRX4915,A837440
B1U3PUXA5,A837440
B1F25SAV5,A837440
B1B2LNLV5,A8375
B19L1NDP5,A8375
B1XRVX275,A8375
B15ECGFC5,A8375
B1NQRW5X5,A8375
B1XCCWDF5,A838162
B1G8RM3P5,A838162
B13MLBZD5,A838162
B1LLCAJQ5,A838162
B1CSR4RN5,A838162
B1HCFHPZ5,A838199
B1TG1DXN5,A838199
B1Y3C5UD5,A838199
B1DXY5DU5,A838199
B1FH1GCB5,A838199
B134GRTS5,A838456
B12GVT5B5,A838456
B1HFQA395,A838456
B1V35D175,A838456
B19TMLLJ5,A838456
B1ZAMMZ15,A838662
B11GGWSQ5,A838662
B1WEFBQE5,A838662
B1TA8DYE5,A838662
B1YUUCBU5,A838662
B14S38PZ5,A838861
B1BLXVYR5,A838861
B181GXGG5,A838861
B1DCB2DJ5,A838861
B1QTP7255,A838861
B17VA4WM5,A838862
B1QWAWUT5,A838862
B12HJ8L55,A838862
B1U55RZ85,A838862
B11DY4EV5,A838862
B1YGTQYH5,A838886
B1B2VUF75,A838886
B17LJZ925,A838886
B1D1EVZH5,A838886
B1D4M98V5,A838886
B1RH33SY5,A839026
B1DK4Q845,A839026
B1H1BUCG5,A839026
B1EQZZHD5,A839026
B1LR5AM55,A839026
B1T8FFGV5,A839065
B1TMPRX75,A839065
B1WC732Z5,A839065
B1L98TEF5,A839065
B1HW8WK95,A839065
B1DZ9TDZ5,A839364
B1PLK8HV5,A839364
B1NL2EUC5,A839364
B1947BLT5,A839364
B1QHX2MY5,A839364
B1TWHR395,A840180
B119QVXC5,A840180
B17HM34B5,A840180
B1U28P5E5,A840180
B142B1W95,A840180
B1BPRFQ75,A840499
B1NZL2XV5,A840499
B1E9B95U5,A840499
B17D85S95,A840499
B19KDEMJ5,A840499
B18ZCF7P5,A840500
B1BJN7FP5,A840500
B1Z73ZAR5,A840500
B177KQBH5,A840500
B11NPUD95,A840500
B1CERKYR5,A840669
B1Y8ZU4G5,A840669
B15PVNCB5,A840669
B1ERWCQ85,A840669
B1J5JDAN5,A840669
B1VWRW7W5,A840759
B1V7Z28X5,A840759
B1EN1DZR5,A840759
B1QMVT4B5,A840759
B1KTAG1M5,A840759
B1YL3GXU5,A840886
B138GXG45,A840886
B1YP7NVL5,A840886
B1BTQKLN5,A840886
B1XP44135,A840886
B139TQN85,A842959
B1AWQ2L55,A842959
B1ADJ5CJ5,A842959
B1WVUF4Q5,A842959
B1K1HC1E5,A842959
B1FXL3UF5,A843067
B1DYKLTQ5,A843067
B1CS4G9Q5,A843067
B1XA79435,A843067
B1PNK5PC5,A843067
B1SHL1QR5,A843317
B14BA5GD5,A843317
B1ZBTK9Q5,A843317
B1EWKGRM5,A843317
B1NMEG3A5,A843317
B15HWXZS5,A843318
B1E8Q5QU5,A843318
B1DKXV9L5,A843318
B1MLMAH45,A843318
B1NZ9NVT5,A843318
B15LXG7V5,A843319
B1RK79MN5,A843319
B1FJG8C45,A843319
B18RFSSZ5,A843319
B1UW8V925,A843319
B1KTT7HM5,A843470
B1Z25DSX5,A843470
B1C44TXK5,A843470
B1NU587J5,A843470
B1JHQRYR5,A843470
B1CETVCJ5,A844144
B1WW8YLA5,A844144
B1S8NPXU5,A844144
B1J8N8MN5,A844144
B12J5D5E5,A844144
B1PDNGTY5,A844145
B1KS8KXD5,A844145
B14DBVEW5,A844145
B1KA1FSC5,A844145
B1XXNX8D5,A844145
B1T9ZHYB5,A844165
B1ZN7AKL5,A844165
B1GT3ZDF5,A844165
B1XUB5BM5,A844165
B173U3KZ5,A844165
B1J2MS9G5,A844683
B1YRBTFE5,A844683
B17PXD1F5,A844683
B1VSW8VJ5,A844683
B1UKAK245,A844683
B1PX3UCE5,A845661
B199PDES5,A845661
B1XY27EN5,A845661
B1GB5H3V5,A845661
B1EEEUYH5,A845661
B1TN281H5,A845717
B1XT8WA95,A845717
B19J9KSE5,A845717
B19P19S45,A845717
B1CPMTZX5,A845717
B1GEV2MV5,A848
B1NDT2AL5,A848
B1RGNXUA5,A848
B1WN3KG75,A848
B1YDK1WR5,A848
B1NABS9Q5,A855
B1H3RKQU5,A855
B1WWNPSF5,A855
B1BV3K3A5,A855
B1AFFCDM5,A855
B1B4A8Q25,A858
B1C1BK255,A858
B1GXU9G95,A858
B1TDX8D55,A858
B1QNPMDH5,A858
B1XL5JQZ5,A860
B1VX78FW5,A860
B1M23XJH5,A860
B1Q7PUS45,A860
B1CJ8HXW5,A860
B1NBB4FN5,A87051
B1CKVFVB5,A87051
B1X3BHDA5,A87051
B1K4XSKG5,A87051
B1T4BCUM5,A87051
B1RXBNZX5,A87575
B1ZQUXB75,A87575
B1P5GKC85,A87575
B1RTH37K5,A87575
B1YZEY4L5,A87575
B1N2U54B5,A88335
B1N3RUW45,A88335
B1CV5ZBR5,A88335
B1YX2Q1F5,A88335
B1NQSLS25,A88335
B1QT7S9Q5,A888
B1YYX8EX5,A888
B1DYBDPM5,A888
B1P4WXLX5,A888
B17JL57T5,A888
B1PB2ACQ5,A89000
B133AVR25,A89000
B11D859P5,A89000
B1YRVW5Y5,A89000
B1EG9ECN5,A89000
B1AMD9AN5,A89341
B1HMZV885,A89341
B1YWFFSU5,A89341
B13C7JRE5,A89341
B13513S25,A89341
B1G5F4XP5,A89691
B11DGHS25,A89691
B18DMUDM5,A89691
B188PX995,A89691
B1ENVZ2L5,A89691
B1J159SS5,A90922
B1X9EX4J5,A90922
B1Q2VUN15,A90922
B1CTE2NP5,A90922
B1ZQDKN15,A90922
B1CUQD735,A90987
B15BE5UM5,A90987
B1AVKFTB5,A90987
B19QDU1G5,A90987
B121KZC75,A90987
B1PNRQVS5,A91151
B1W8XDW95,A91151
B1P8TU3T5,A91151
B1S82GQ45,A91151
B15N8V5C5,A91151
B1TEQRZA5,A91982
B1LDPLPG5,A91982
B1H8XLJ75,A91982
B1SN95TR5,A91982
B182EXJV5,A91982
B194CHNF5,A92186
B1RE2DU95,A92186
B1NRX4K75,A92186
B14K8RSE5,A92186
B17SSN435,A92186
B18YVEZQ5,A93496
B18E9FV45,A93496
B1HKNA8A5,A93496
B1N11J1H5,A93496
B18F5MLF5,A93496
B12P8FPE5,A93502
B1TDTKBM5,A93502
B17DXC2J5,A93502
B1Q1R21H5,A93502
B1GHFA3Y5,A93502
B1RH4DDP5,A9366
B1PLZEMV5,A9366
B1D9XQUA5,A9366
B14XCJSG5,A9366
B1X31UVU5,A9366
B1BC4NA35,A93716
B1BWQLJR5,A93716
B1F14KF85,A93716
B1H3EC335,A93716
B1WKRLZ85,A93716
B1F7MYFK5,A96029
B1RRSFRK5,A96029
B1MHSTCK5,A96029
B1FDT4TD5,A96029
B1WBU8JW5,A96029
B17LQ8QM5,A98616
B1QF9WVA5,A98616
B1VVWBNC5,A98616
B13X78245,A98616
B15HXESY5,A98616
B1BV7TRC5,A98621
B1287PWX5,A98621
B17UJJPE5,A98621
B1HUDE5J5,A98621
B1DLUTXK5,A98621
B1QGF4NG5,A990
B195HLT75,A990
B1UE2WHF5,A990
B1NZB9UL5,A990
B1Z77BCL5,A990
B18GT9FY5,A99097
B1WVDPSC5,A99097
B1AV5A1U5,A99097
B1RL87HT5,A99097
B1GXEVKB5,A99097
B1QYXGEX5,AF1
B1NRUPGF5,AF1
B1GJA4QE5,AF1
B1SQ81X95,AF1
B1RYPDD15,AF1
B1ETSD9B5,AF1555
B1QMGTTB5,AF1555
B1DELFA15,AF1555
B18H8PYE5,AF1555
B12NBE1L5,AF1555
B1XG3BCU5,AF1818189
B1WHA33J5,AF1818189
B12Y5EF75,AF1818189
B11WF5KC5,AF1818189
B17LBWXN5,AF1818189
B1CC3GZ85,AF2727
B1WH9TAB5,AF2727
B1SKGQ1Z5,AF2727
B11NJ9P85,AF2727
B1Z33BRU5,AF2727
B1FRLKD35,AF4
B1P8HBAN5,AF4
B15NLLG85,AF4
B1Z9W2KS5,AF4
B1T2PMNV5,AF4
B1WVYHLL5,AF4569
B1GEVLPF5,AF4569
B1ZM514F5,AF4569
B1HUQ7G25,AF4569
B1EU5NVV5,AF4569
B1QJTF235,AF5229
B1R5SF335,AF5229
B1SGCRZM5,AF5229
B1TYDQMA5,AF5229
B13BL95J5,AF5229
B1P2MP5X5,AF555
B1QBYW8E5,AF555
B158MVKL5,AF555
B1LHB9US5,AF555
B1JFA4L25,AF555
B1BSZE9X5,AF55523
B1LMJ3X15,AF55523
B1SPPQ155,AF55523
B15X937K5,AF55523
B1V5D1FB5,AF55523
B1H4WKWZ5,AF55525
B1VKPSSF5,AF55525
B1M1Y4X75,AF55525
B1MZK2AZ5,AF55525
B1N3BEAM5,AF55525
B14X7UEH5,AF55555
B1FUNLXL5,AF55555
B1JG4HXS5,AF55555
B1CL17SC5,AF55555
B1BZAGGN5,AF55555
B1VKFFNT5,AF5555888
B1D7M5C15,AF5555888
B1U3YZXC5,AF5555888
B12K3Q5Z5,AF5555888
B1537KBU5,AF5555888
B1LQSZKC5,AF5588
B1Z797FA5,AF5588
B1QP5BW15,AF5588
B1VFXX1K5,AF5588
B15MBHDM5,AF5588
B18MDJGB5,AF5955
B1DM9E2C5,AF5955
B1UQ5YK95,AF5955
B1XE8C735,AF5955
B1RG4T2M5,AF5955
B1T9W1TN5,AF7755
B1PPSZSA5,AF7755
B1B8MCRX5,AF7755
B1XK4XJN5,AF7755
B13LXQSY5,AF7755
B14XEC8Z5,AF777
B1D492SH5,AF777
B1KQ189W5,AF777
B1NQRMBH5,AF777
B13KC7QW5,AF777
B1ETW8725,AF8448
B18JKB435,AF8448
B1577PAH5,AF8448
B1HAFYZZ5,AF8448
B1S7M5QF5,AF8448
B1T7NZ9X5,AF8582228
B1DCF9Z85,AF8582228
B19Q5EMS5,AF8582228
B1UZVKSX5,AF8582228
B18JS3XR5,AF8582228
B117NXFC5,AF888
B12MEK7P5,AF888
B11Y77W35,AF888
B1YMUP745,AF888
B18PM9X75,AF888
B14VQHPK5,AF8888888
B1ATGPCX5,AF8888888
B19JESV25,AF8888888
B18AN8HX5,AF8888888
B1EUE9S35,AF8888888
B12CDZ3Q5,AF8999
B1LCDZ3N5,AF8999
B1RR7ZSF5,AF8999
B13VWGKL5,AF8999
B1B5PZ5Z5,AF8999
B19R8KJE5,AF95555555
B1Y17QVX5,AF95555555
B1JDF31W5,AF95555555
B1F3HM3H5,AF95555555
B1CNS8W25,AF95555555
B12QEU735,AF965395
B141PF215,AF965395
B1MZU5CR5,AF965395
B1QM2CDY5,AF965395
B12K7GKN5,AF965395
B18XJJ1X5,AF9876556
B117FH2C5,AF9876556
B12WVKLJ5,AF9876556
B1EZWVFL5,AF9876556
B1PUC2EK5,AF9876556
B1V5CBNF5,AF9988
B1S2JFV45,AF9988
B131RP1W5,AF9988
B1TKHXZX5,AF9988
B1GZ2UC95,AF9988
B181YMWG5,AF9999789
B1M8QPZE5,AF9999789
B1LW7HJM5,AF9999789
B1E2UW3Z5,AF9999789
B1D1MTZ25,AF9999789
B1D4XGNQ5,AF9999956
B1FN4MD75,AF9999956
B1TGUVQX5,AF9999956
B1HLF5BU5,AF9999956
B1VZKLB35,AF9999956
